dataset,query_size,query_mode,query_index,nlf_time,order,load_time,filter_time,build_table_time,plan_time,enumerate_time,n_embeddings,n_intersections
youtube2007,8,dense,1,2.8237,2 4 5 6 1 0 3 7 
youtube2007,8,dense,2,2.7492,7 2 4 0 1 3 6 5 
youtube2007,8,dense,3,2.6270,6 1 3 4 5 7 2 0 
youtube2007,8,dense,4,2.4309,6 4 1 3 5 2 7 0 ,12.4265,0.6939,0.2922,0.0006,146.6050,1810971876,645007679
youtube2007,8,dense,5,2.6320,4 5 6 7 2 3 0 1 ,12.8815,0.1360,0.1127,0.0000,0.0034,37928,15879
youtube2007,8,dense,6,2.4609,3 4 5 7 2 0 1 6 ,12.6660,2.2965,0.8143,0.0078,138.2046,8313609576,694653037
youtube2007,8,dense,7,2.9693,1 0 4 5 6 7 3 2 
youtube2007,8,dense,8,2.3439,0 1 5 6 2 3 4 7 
youtube2007,8,dense,9,2.6333,0 4 5 3 7 2 6 1 ,11.6140,0.0843,0.1128,0.0001,0.1982,10779078,810331
youtube2007,8,dense,10,2.2829,4 6 3 5 2 1 0 7 
youtube2007,8,dense,11,3.4202,6 2 4 7 0 3 5 1 
youtube2007,8,dense,12,2.7538,1 0 7 6 4 5 3 2 ,13.3938,0.1065,0.1214,0.0001,0.1711,2333180,695208
youtube2007,8,dense,13,2.6139,7 6 2 0 3 4 1 5 
youtube2007,8,dense,14,2.7099,5 4 6 7 0 3 2 1 ,13.2901,0.2449,0.1531,0.0001,14.8822,934645386,30034109
youtube2007,8,dense,15,2.6009,6 0 5 1 7 2 3 4 
youtube2007,8,dense,16,2.4831,2 4 5 7 3 6 0 1 
youtube2007,8,dense,17,2.6045,0 5 1 6 4 2 3 7 
youtube2007,8,dense,18,2.6773,0 5 3 7 4 2 1 6 ,12.2558,0.2461,0.1338,0.0001,0.3987,1651374,5879582
youtube2007,8,dense,19,2.7285,6 7 2 5 4 3 1 0 ,12.8955,0.2400,0.1197,0.0000,0.0849,4889872,419151
youtube2007,8,dense,20,2.3691,0 4 5 7 2 3 6 1 ,11.8742,2.4373,1.0660,0.0049,463.8105,4443371876,774669194
youtube2007,8,dense,21,3.4280,7 3 2 6 0 4 1 5 ,15.5167,0.3740,0.1624,0.0002,0.9043,14471590,1459271
youtube2007,8,dense,22,2.7201,1 7 2 5 4 6 0 3 
youtube2007,8,dense,23,2.7579,1 3 4 0 6 7 5 2 ,13.3769,0.4236,0.1961,0.0002,1.0155,11589738,4674156
youtube2007,8,dense,24,2.7184,1 3 5 6 7 4 0 2 ,13.2389,0.7205,0.3412,0.0021,820.2525,19172769238,1994467726
youtube2007,8,dense,25,2.6106,6 1 4 5 3 7 0 2 
youtube2007,8,dense,26,2.6959,2 4 7 3 0 6 1 5 ,12.9237,0.2094,0.1258,0.0000,0.0311,162032,217502
youtube2007,8,dense,27,2.6980,1 7 6 5 2 4 3 0 ,12.9139,0.4050,0.1540,0.0001,0.0535,565319,632876
youtube2007,8,dense,28,2.6928,1 4 6 7 3 2 5 0 ,12.9264,0.1169,0.1170,0.0000,0.0094,418496,55122
youtube2007,8,dense,29,2.6048,1 4 3 7 2 6 0 5 ,12.8399,0.9809,0.3612,0.0009,22.8982,91068504,99646579
youtube2007,8,dense,30,2.6141,3 0 1 4 6 5 2 7 ,12.8827,0.7236,0.4010,0.0005,405.6438,28310969676,435410620
youtube2007,8,dense,31,3.1940,0 2 3 4 5 1 7 6 ,14.9079,0.7847,0.3169,0.0004,3.8327,73058160,11927275
youtube2007,8,dense,32,2.9108,5 4 1 6 2 0 3 7 ,13.4982,2.2852,0.7756,0.0021,46.9341,2936454778,98213027
youtube2007,8,dense,33,2.5922,5 0 4 6 1 3 7 2 
youtube2007,8,dense,34,2.5947,0 2 5 1 3 4 7 6 
youtube2007,8,dense,35,2.5939,4 2 5 3 6 0 7 1 ,12.7821,0.0760,0.1175,0.0000,0.0768,935485,742774
youtube2007,8,dense,36,2.5973,2 1 3 5 6 4 0 7 
youtube2007,8,dense,37,2.4398,4 2 5 6 3 7 1 0 
youtube2007,8,dense,38,2.4783,5 0 4 2 6 1 3 7 
youtube2007,8,dense,39,2.5958,1 7 3 2 5 4 0 6 ,11.9719,0.0411,0.1012,0.0000,0.0061,114182,43653
youtube2007,8,dense,40,2.3925,7 6 0 3 1 4 2 5 ,11.6068,0.7937,0.2897,0.0007,16.1008,319003190,94957008
youtube2007,8,dense,41,2.8742,5 6 3 2 7 1 4 0 ,13.8463,1.0572,0.4512,0.0009,51.2191,1127083906,140951478
youtube2007,8,dense,42,2.6283,6 4 5 7 3 1 2 0 ,12.9852,0.6252,0.2947,0.0008,23.1682,1779017600,26308111
youtube2007,8,dense,43,2.7044,2 3 5 6 4 0 1 7 
youtube2007,8,dense,44,2.7031,6 3 5 2 1 4 0 7 
youtube2007,8,dense,45,2.5968,3 0 1 2 4 5 6 7 ,12.8500,0.9936,0.5232,0.0003,589.7189,5458366038,2374158372
youtube2007,8,dense,46,2.6156,2 3 4 1 7 5 6 0 
youtube2007,8,dense,47,2.5312,6 1 2 3 7 0 4 5 ,12.2683,2.4872,0.9749,0.0020,729.4835,51819788358,1171205849
youtube2007,8,dense,48,2.7098,3 5 4 2 0 1 6 7 ,12.9929,0.0595,0.1082,0.0000,0.0022,11604,11871
youtube2007,8,dense,49,3.0004,7 2 3 5 6 0 1 4 
youtube2007,8,dense,50,2.4184,1 3 6 5 2 7 4 0 ,11.8701,0.0275,0.0989,0.0000,0.0047,56158,21776
youtube2007,8,dense,51,2.8644,3 4 6 1 0 7 2 5 ,13.8407,1.3805,0.4980,0.0011,129.0963,1673377853,714893919
youtube2007,8,dense,52,2.6285,1 0 7 2 4 6 3 5 ,12.8382,0.0657,0.1085,0.0000,0.0014,1759,3278
youtube2007,8,dense,53,2.6663,0 5 2 1 3 7 6 4 ,12.9211,0.1237,0.1104,0.0001,0.0055,43614,64800
youtube2007,8,dense,54,2.7018,5 0 7 2 3 6 4 1 ,13.0281,1.2949,0.4891,0.0006,41.9412,143999176,162797268
youtube2007,8,dense,55,2.6888,3 7 6 0 4 1 2 5 
youtube2007,8,dense,56,2.7071,6 3 1 4 7 2 5 0 ,12.9594,0.1380,0.1189,0.0000,0.0033,28559,25321
youtube2007,8,dense,57,2.7075,7 4 1 2 0 3 5 6 
youtube2007,8,dense,58,2.8360,7 2 0 5 1 6 3 4 
youtube2007,8,dense,59,2.4373,5 4 6 2 0 1 3 7 
youtube2007,8,dense,60,2.4245,2 0 7 3 1 4 6 5 ,11.8574,0.1654,0.1086,0.0001,0.3970,10294944,3417142
youtube2007,8,dense,61,2.9575,5 0 2 3 1 4 6 7 
youtube2007,8,dense,62,2.7521,4 6 7 5 3 0 2 1 ,13.3624,0.1111,0.1260,0.0001,3.3809,28048280,25250276
youtube2007,8,dense,63,2.7535,1 2 0 4 5 3 6 7 ,13.3531,0.6626,0.2552,0.0001,4.1146,152441966,13605473
youtube2007,8,dense,64,2.6301,2 3 4 6 5 0 1 7 ,13.3206,0.6018,0.2499,0.0005,4.2411,69622656,52567496
youtube2007,8,dense,65,2.6217,2 5 3 4 0 6 1 7 
youtube2007,8,dense,66,2.5907,4 6 1 5 2 3 7 0 
youtube2007,8,dense,67,2.4162,3 1 4 6 2 0 5 7 ,12.3796,0.3150,0.1596,0.0001,0.7922,12137792,4376573
youtube2007,8,dense,68,2.3039,0 4 7 5 6 1 2 3 ,11.6686,0.4304,0.1661,0.0002,0.2075,9340899,1659566
youtube2007,8,dense,69,2.3961,1 6 2 3 4 0 7 5 ,11.7359,0.2696,0.1293,0.0002,0.2629,2464846,4001623
youtube2007,8,dense,70,2.7536,1 0 3 5 4 7 2 6 
youtube2007,8,dense,71,3.1338,2 7 3 4 6 0 5 1 
youtube2007,8,dense,72,2.7442,2 5 4 6 7 0 1 3 
youtube2007,8,dense,73,2.5977,1 3 4 5 0 2 6 7 ,12.8105,0.1087,0.1265,0.0001,2.5222,51800920,12971440
youtube2007,8,dense,74,2.6834,2 1 3 4 6 5 7 0 
youtube2007,8,dense,75,2.5261,6 5 0 1 3 4 2 7 ,12.2842,0.2553,0.1340,0.0001,0.0443,2060176,217958
youtube2007,8,dense,76,2.5518,5 7 0 3 1 6 2 4 
youtube2007,8,dense,77,2.4313,7 6 2 5 3 4 1 0 
youtube2007,8,dense,78,2.3884,1 4 5 6 0 2 7 3 ,11.6853,0.2885,0.2185,0.0006,642.6276,18627072316,2619898656
youtube2007,8,dense,79,2.2714,0 7 1 4 5 6 2 3 ,11.9874,0.8396,0.3779,0.0003,306.1457,17630524852,704303428
youtube2007,8,dense,80,2.3016,3 1 0 2 5 7 4 6 
youtube2007,8,dense,81,2.9008,3 4 5 6 7 1 2 0 ,14.0776,3.3337,1.5039,0.0061,245.5430,9893840194,1380096604
youtube2007,8,dense,82,2.6102,1 0 2 3 5 4 6 7 
youtube2007,8,dense,83,2.6204,5 2 3 6 7 1 0 4 
youtube2007,8,dense,84,2.6049,4 3 2 5 0 1 6 7 ,12.8761,1.5104,0.5671,0.0007,67.3003,5765328428,87515598
youtube2007,8,dense,85,2.7203,0 4 5 3 2 7 6 1 ,12.9541,0.3284,0.1549,0.0001,0.4129,24644806,1461218
youtube2007,8,dense,86,2.7176,2 3 7 5 1 4 6 0 ,13.0270,3.3277,1.5820,0.0110,549.1663,41742723954,885458800
youtube2007,8,dense,87,2.7021,4 7 2 3 5 1 6 0 ,13.0671,0.2527,0.1340,0.0001,60.2171,1136773470,150836699
youtube2007,8,dense,88,2.7056,4 7 1 6 2 5 3 0 
youtube2007,8,dense,89,2.7158,1 0 3 2 4 7 5 6 ,13.0548,1.2257,0.6550,0.0006,892.2827,5814024312,1758589949
youtube2007,8,dense,90,2.4458,0 5 4 1 6 2 3 7 ,12.0793,0.0863,0.1066,0.0000,0.0020,7396,15765
youtube2007,8,dense,91,3.2749,3 7 4 5 2 0 6 1 ,14.4228,1.7105,0.7116,0.0011,1013.8414,84395191176,1182169660
youtube2007,8,dense,92,2.6276,0 4 6 7 5 2 1 3 
youtube2007,8,dense,93,2.5935,4 1 7 0 2 3 6 5 
youtube2007,8,dense,94,2.6033,3 6 4 2 7 5 0 1 ,12.7882,1.2688,0.4245,0.0015,25.6800,128830004,115952204
youtube2007,8,dense,95,2.7222,0 3 4 5 6 2 7 1 ,13.0704,0.6522,0.3000,0.0007,183.9434,16257357230,122628611
youtube2007,8,dense,96,2.6965,3 2 0 6 7 5 1 4 
youtube2007,8,dense,97,2.5076,1 2 7 3 4 5 6 0 
youtube2007,8,dense,98,2.7111,1 4 6 2 5 7 0 3 ,12.0570,0.1605,0.1453,0.0002,132.7293,3867011564,383331143
youtube2007,8,dense,99,2.2910,4 7 1 2 5 6 0 3 ,11.5516,0.0999,0.1031,0.0000,0.0080,21995,70469
youtube2007,8,dense,100,2.2966,3 5 6 7 0 2 4 1 
youtube2007,8,sparse,1,2.8796,1 4 3 6 5 2 7 0 ,13.9607,0.1829,0.1333,0.0001,0.1048,6801281,933143
youtube2007,8,sparse,2,2.8022,2 7 1 5 0 4 3 6 ,13.4989,0.7906,0.4465,0.0016,697.3399,21830099425,1077648695
youtube2007,8,sparse,3,2.6048,6 5 3 2 4 1 0 7 
youtube2007,8,sparse,4,2.6907,1 3 4 7 2 0 5 6 
youtube2007,8,sparse,5,2.6977,0 5 7 1 4 6 3 2 ,12.9863,0.1165,0.1298,0.0003,6.2272,447209421,5731501
youtube2007,8,sparse,6,2.7030,1 4 5 3 2 6 0 7 ,12.9786,0.6168,0.2300,0.0004,7.3743,202680341,10933047
youtube2007,8,sparse,7,2.7029,3 2 1 7 0 6 5 4 ,12.9920,0.1448,0.1240,0.0001,1.8691,94999955,3666798
youtube2007,8,sparse,8,2.6958,5 3 1 2 0 4 6 7 
youtube2007,8,sparse,9,2.9623,5 1 4 2 3 0 6 7 
youtube2007,8,sparse,10,2.5306,0 5 3 6 2 4 7 1 ,12.2911,0.0848,0.1104,0.0000,0.0018,38499,1700
youtube2007,8,sparse,11,2.8725,7 5 3 6 2 4 0 1 
youtube2007,8,sparse,12,2.8488,7 0 4 6 5 2 1 3 
youtube2007,8,sparse,13,2.7457,6 4 5 7 1 0 2 3 ,13.3296,2.3083,0.9413,0.0273,1037.5762,6227460784,1332239860
youtube2007,8,sparse,14,2.9867,0 7 3 4 5 6 2 1 ,13.2230,2.9474,1.2181,0.0059,136.2215,10218984832,59173479
youtube2007,8,sparse,15,2.6881,6 2 4 5 7 3 0 1 ,13.2581,0.6907,0.2432,0.0005,17.6506,2331668142,558708
youtube2007,8,sparse,16,2.5988,5 4 6 1 0 2 3 7 ,12.8172,1.8737,0.6407,0.0075,64.3779,1543726926,340064238
youtube2007,8,sparse,17,2.6777,0 5 3 6 2 1 7 4 
youtube2007,8,sparse,18,2.6996,3 4 5 7 6 0 1 2 
youtube2007,8,sparse,19,2.3166,2 6 5 3 4 0 1 7 ,11.6979,0.3224,0.1211,0.0004,3.8738,80157,138238307
youtube2007,8,sparse,20,2.3705,4 5 0 2 3 1 6 7 
youtube2007,8,sparse,21,3.4274,7 2 3 5 0 1 4 6 ,14.9587,0.4244,0.1933,0.0002,8.8467,30171076,37943716
youtube2007,8,sparse,22,2.6911,1 2 4 7 6 3 5 0 
youtube2007,8,sparse,23,2.6925,4 2 3 5 7 6 0 1 ,13.1307,0.3768,0.1595,0.0001,0.0802,6328838,127008
youtube2007,8,sparse,24,2.8463,7 4 1 6 2 5 3 0 ,13.7697,1.4793,0.5570,0.0053,208.9875,15258440598,108852495
youtube2007,8,sparse,25,2.6109,2 6 1 7 4 3 0 5 ,12.8923,0.2060,0.2087,0.0007,63.1437,3847241262,47361210
youtube2007,8,sparse,26,2.6011,4 3 6 1 5 7 0 2 ,12.8219,0.9266,0.3287,0.0009,6.1378,467197878,4401189
youtube2007,8,sparse,27,2.5986,5 7 3 6 1 0 2 4 
youtube2007,8,sparse,28,2.6967,0 3 5 1 2 4 7 6 ,12.9441,1.7456,0.6206,0.0011,235.5280,30794348148,28256177
youtube2007,8,sparse,29,2.7261,2 0 5 6 4 7 3 1 ,13.3743,0.0839,0.1166,0.0001,0.0541,557762,598108
youtube2007,8,sparse,30,2.5970,0 4 6 5 3 1 2 7 
youtube2007,8,sparse,31,2.8893,1 3 4 2 5 6 0 7 
youtube2007,8,sparse,32,2.7522,0 2 6 3 5 7 1 4 ,13.3107,0.7382,0.3289,0.0008,624.1101,12519768722,2619229709
youtube2007,8,sparse,33,2.6250,4 3 5 6 2 7 0 1 ,12.9200,0.3536,0.1656,0.0001,0.6432,84169176,295486
youtube2007,8,sparse,34,2.5956,6 1 5 4 3 2 0 7 ,12.7917,0.1109,0.1386,0.0001,0.9109,9046410,2320495
youtube2007,8,sparse,35,2.5942,2 5 0 3 7 1 4 6 
youtube2007,8,sparse,36,2.7084,0 6 7 2 4 1 3 5 ,13.2905,2.1391,0.7698,0.0049,199.5561,522870260,369686721
youtube2007,8,sparse,37,2.7843,2 6 4 5 3 1 7 0 
youtube2007,8,sparse,38,2.7884,1 6 7 4 5 3 2 0 
youtube2007,8,sparse,39,2.5361,0 1 4 7 2 6 5 3 ,13.1745,0.0817,0.1024,0.0000,0.0014,3037,2824
youtube2007,8,sparse,40,2.3791,0 6 5 2 4 1 3 7 ,11.9605,1.6515,0.6466,0.0030,736.0553,113125525906,90849576
youtube2007,8,sparse,41,2.8782,7 5 3 4 6 0 1 2 ,13.9475,1.3594,0.4620,0.0004,748.7204,579963456,300457165
youtube2007,8,sparse,42,2.6249,3 4 7 1 5 0 6 2 ,12.8678,0.5321,0.3270,0.0019,1018.0674,108322388666,393182670
youtube2007,8,sparse,43,2.8380,5 6 2 4 1 0 3 7 
youtube2007,8,sparse,44,2.6751,5 0 7 3 2 4 6 1 ,13.1526,2.1167,0.8734,0.0019,259.3448,30538209946,61048286
youtube2007,8,sparse,45,2.5942,5 7 6 3 4 2 1 0 ,12.7494,0.4519,0.2479,0.0001,25.9437,119899767,20001484
youtube2007,8,sparse,46,2.7371,5 7 3 6 4 0 1 2 
youtube2007,8,sparse,47,2.6997,3 2 5 6 7 1 0 4 ,12.9552,0.1386,0.1208,0.0001,0.0070,33738,38987
youtube2007,8,sparse,48,2.7193,2 1 4 5 7 0 6 3 
youtube2007,8,sparse,49,2.4086,7 2 4 5 6 0 1 3 ,12.0611,0.7695,0.2641,0.0002,5.5633,72169044,7373685
youtube2007,8,sparse,50,2.3230,4 6 3 2 7 5 0 1 ,11.6951,3.1244,1.6068,0.0112,1537.3727,94818531136,1700620359
youtube2007,8,sparse,51,3.4334,5 3 2 4 1 6 7 0 
youtube2007,8,sparse,52,2.7517,0 5 7 4 2 3 6 1 
youtube2007,8,sparse,53,2.7443,4 5 3 2 6 1 7 0 ,13.3407,1.5073,0.5353,0.0018,20.7532,374533618,45684083
youtube2007,8,sparse,54,2.6943,5 7 6 4 1 3 0 2 ,13.3476,0.2441,0.1334,0.0002,0.0213,175996,231315
youtube2007,8,sparse,55,2.7154,4 5 3 0 1 2 7 6 ,13.4462,0.0560,0.1121,0.0000,0.0071,149802,19879
youtube2007,8,sparse,56,2.6096,6 5 3 7 1 0 2 4 
youtube2007,8,sparse,57,3.0152,4 3 6 2 7 1 5 0 ,14.4042,1.5457,0.8493,0.0073,1542.2183,105419480996,2280174345
youtube2007,8,sparse,58,2.4383,6 3 7 0 2 5 4 1 ,12.2104,0.0713,0.1065,0.0000,0.0093,618334,47771
youtube2007,8,sparse,59,2.4342,4 5 2 0 3 6 7 1 ,12.1804,0.1630,0.1137,0.0000,0.0073,384423,16132
youtube2007,8,sparse,60,2.4285,2 3 5 0 1 4 6 7 
youtube2007,8,sparse,61,2.9344,5 1 0 7 2 6 4 3 ,14.2681,0.6414,0.2419,0.0014,11.2402,100720240,32607728
youtube2007,8,sparse,62,2.8672,7 4 5 3 2 0 6 1 ,13.5851,1.4648,0.5040,0.0017,71.8803,5819592620,512611237
youtube2007,8,sparse,63,2.6283,4 5 7 3 1 6 0 2 ,12.8531,0.4523,0.2452,0.0004,198.5558,23493698411,7107863
youtube2007,8,sparse,64,2.7830,2 6 5 1 3 0 4 7 
youtube2007,8,sparse,65,2.7019,6 7 2 4 1 5 0 3 
youtube2007,8,sparse,66,2.5922,2 3 1 5 4 6 0 7 
youtube2007,8,sparse,67,2.7165,0 1 7 6 5 4 3 2 ,13.0379,1.3145,0.6028,0.0013,140.1240,4045457427,125765029
youtube2007,8,sparse,68,2.6946,5 2 3 7 1 4 6 0 
youtube2007,8,sparse,69,2.5337,5 6 4 2 7 0 1 3 ,12.3049,0.1163,0.1169,0.0001,0.0362,1543136,118350
youtube2007,8,sparse,70,2.5154,6 4 1 3 2 7 0 5 ,12.2113,0.5537,0.3015,0.0038,504.3807,13082101753,1442668650
youtube2007,8,sparse,71,2.8806,1 2 7 0 5 6 4 3 ,13.9472,0.1594,0.1290,0.0001,0.0362,26132,232543
youtube2007,8,sparse,72,2.8135,3 4 1 2 5 0 6 7 
youtube2007,8,sparse,73,2.8891,6 3 4 7 1 5 0 2 
youtube2007,8,sparse,74,2.6134,1 3 4 5 6 2 0 7 ,12.9542,0.8411,0.3584,0.0013,8.9226,434568060,89318316
youtube2007,8,sparse,75,2.6195,5 3 7 2 1 0 4 6 ,12.9067,0.4477,0.2333,0.0019,4.1978,128661084,18037741
youtube2007,8,sparse,76,2.5947,1 6 0 5 4 3 2 7 
youtube2007,8,sparse,77,2.6694,0 5 1 4 3 2 6 7 ,12.9212,1.0977,0.4382,0.0026,566.5016,315521056,1973872855
youtube2007,8,sparse,78,2.3495,2 1 5 0 6 4 3 7 ,11.8243,0.6126,0.2612,0.0013,1157.5055,281908678,250133383
youtube2007,8,sparse,79,2.5102,2 3 0 5 4 1 7 6 ,12.3153,0.0681,0.1067,0.0000,0.0630,1019974,516111
youtube2007,8,sparse,80,2.4396,2 0 3 4 1 5 6 7 
youtube2007,8,sparse,81,2.8820,3 4 2 0 5 1 6 7 ,14.0460,0.6721,0.2710,0.0028,15.4778,68085662,41071732
youtube2007,8,sparse,82,2.6121,1 2 4 6 7 0 3 5 
youtube2007,8,sparse,83,2.6736,5 7 0 4 6 3 2 1 
youtube2007,8,sparse,84,2.6964,7 5 6 2 3 4 1 0 ,13.1578,0.0481,0.1103,0.0000,0.0047,120209,19666
youtube2007,8,sparse,85,2.6828,7 5 1 6 4 3 0 2 ,13.3325,0.1397,0.1098,0.0000,0.0014,2042,3861
youtube2007,8,sparse,86,2.6776,2 1 0 5 6 3 7 4 ,13.5143,0.4960,0.3388,0.0046,1199.3128,17583213736,1828315292
youtube2007,8,sparse,87,2.6959,5 7 6 1 4 3 2 0 ,12.9301,0.8009,0.3478,0.0047,41.1108,633891481,108877863
youtube2007,8,sparse,88,2.7499,1 4 2 6 7 5 3 0 ,13.3164,1.8561,0.8490,0.0104,18.3310,512765976,24464490
youtube2007,8,sparse,89,2.7525,6 1 2 3 0 4 5 7 ,13.1046,0.0494,0.1097,0.0001,0.0086,946368,18365
youtube2007,8,sparse,90,2.7464,2 7 5 0 4 6 3 1 
youtube2007,8,sparse,91,2.9543,5 2 3 7 6 1 0 4 
youtube2007,8,sparse,92,2.8526,6 0 7 1 3 4 5 2 
youtube2007,8,sparse,93,2.8556,7 0 4 5 3 1 2 6 
youtube2007,8,sparse,94,2.8975,5 4 7 6 3 0 1 2 ,13.0820,0.4361,0.2463,0.0001,1.5992,12298296,3255950
youtube2007,8,sparse,95,2.8470,4 5 1 3 0 6 2 7 
youtube2007,8,sparse,96,2.5061,0 4 7 1 5 2 3 6 
youtube2007,8,sparse,97,2.2400,7 2 5 6 0 3 1 4 
youtube2007,8,sparse,98,2.1776,3 2 6 0 5 1 4 7 
youtube2007,8,sparse,99,2.5820,5 4 2 3 6 7 0 1 ,11.5512,0.1348,0.1260,0.0001,0.3444,10737740,628229
youtube2007,8,sparse,100,2.2644,1 4 7 5 6 2 3 0 
youtube2007,12,dense,1,2.9146,3 4 11 9 8 2 6 7 5 1 10 0 
youtube2007,12,dense,2,3.4046,3 5 7 2 8 10 6 4 9 1 0 11 
youtube2007,12,dense,3,2.7679,2 6 4 9 10 3 5 1 7 8 0 11 ,13.3619,0.5280,0.2256,0.0005,320.4895,11404505557,982683336
youtube2007,12,dense,4,2.6231,8 10 4 2 6 3 9 5 11 1 7 0 ,12.8371,0.1128,0.1206,0.0001,1.3383,55120515,11950992
youtube2007,12,dense,5,2.6254,5 1 6 7 11 8 9 10 0 2 3 4 
youtube2007,12,dense,6,2.6230,4 5 9 10 7 8 3 11 6 1 2 0 
youtube2007,12,dense,7,2.4951,8 2 7 3 11 9 4 5 10 6 0 1 ,12.1227,0.2867,0.1436,0.0001,305.0782,2545935373,5354675878
youtube2007,12,dense,8,2.6419,2 3 7 10 11 4 5 6 9 8 1 0 
youtube2007,12,dense,9,2.5381,8 1 4 7 5 10 3 6 0 2 9 11 ,12.1376,0.2511,0.1296,0.0001,1.7145,19129765,18738533
youtube2007,12,dense,10,2.6896,2 3 11 8 9 5 1 6 7 0 4 10 ,12.9147,0.3903,0.1428,0.0001,1.1292,123681863,7117569
youtube2007,12,dense,11,2.9012,11 9 8 7 2 10 6 3 5 4 0 1 
youtube2007,12,dense,12,2.8743,4 7 8 9 10 2 6 0 1 3 5 11 
youtube2007,12,dense,13,2.8213,2 6 0 3 1 4 5 8 7 11 10 9 
youtube2007,12,dense,14,2.7277,5 3 2 8 7 1 0 6 9 4 10 11 ,13.2423,0.0792,0.1103,0.0000,0.0014,19773,1168
youtube2007,12,dense,15,2.7934,7 9 5 10 0 4 6 3 1 2 8 11 ,13.6419,0.0526,0.1108,0.0000,0.0885,1900800,640473
youtube2007,12,dense,16,2.6752,7 4 5 8 10 2 6 1 0 9 3 11 
youtube2007,12,dense,17,2.6367,2 9 5 6 8 0 3 1 4 7 11 10 
youtube2007,12,dense,18,2.5960,7 2 10 9 4 5 3 6 1 8 0 11 ,12.8199,0.3422,0.1781,0.0001,221.1929,23170255068,60896309
youtube2007,12,dense,19,2.4006,1 6 5 7 8 3 4 11 2 10 0 9 
youtube2007,12,dense,20,2.3616,6 2 8 7 9 11 5 10 4 0 1 3 
youtube2007,12,dense,21,2.9083,7 10 8 2 6 5 9 11 3 1 4 0 
youtube2007,12,dense,22,2.8681,6 9 3 7 10 4 8 5 11 0 1 2 ,13.7161,0.0348,0.1160,0.0000,0.0014,90,197
youtube2007,12,dense,23,2.8957,6 9 4 11 3 5 8 10 2 1 7 0 
youtube2007,12,dense,24,2.6161,11 10 7 8 3 5 0 6 2 4 1 9 ,12.8584,0.1071,0.1166,0.0001,2.7625,65974348,44991718
youtube2007,12,dense,25,2.6379,9 10 6 2 8 0 3 4 5 1 7 11 
youtube2007,12,dense,26,2.6185,3 4 10 6 11 7 5 0 1 2 9 8 
youtube2007,12,dense,27,2.7049,1 5 4 6 2 7 9 8 0 3 10 11 ,13.1512,0.0690,0.1129,0.0000,0.0014,600,1835
youtube2007,12,dense,28,2.6038,0 8 6 5 7 4 2 9 11 10 1 3 ,13.5839,0.1667,0.1139,0.0000,0.3652,3860614,8750768
youtube2007,12,dense,29,2.6905,7 4 11 10 3 5 6 9 8 2 1 0 ,13.0684,0.0738,0.1138,0.0000,0.0018,6480,10114
youtube2007,12,dense,30,2.9298,1 2 0 7 8 5 9 6 4 3 10 11 ,13.7695,0.1707,0.1399,0.0001,245.4436,909940848,266234460
youtube2007,12,dense,31,2.8867,2 3 5 1 4 6 8 9 7 10 11 0 
youtube2007,12,dense,32,2.8860,4 3 5 2 8 0 9 7 1 6 10 11 ,13.7710,0.0369,0.1101,0.0000,0.0014,108,53
youtube2007,12,dense,33,2.7387,11 3 5 6 9 8 0 2 4 1 7 10 
youtube2007,12,dense,34,2.7702,10 9 8 7 5 6 3 4 1 2 11 0 
youtube2007,12,dense,35,2.8147,3 6 4 8 9 5 0 7 2 1 10 11 
youtube2007,12,dense,36,2.6107,10 4 7 6 3 11 5 2 1 9 0 8 ,12.9785,1.2998,0.4114,0.0006,170.9516,15614261899,352657640
youtube2007,12,dense,37,2.6942,8 2 7 1 6 5 11 0 3 4 9 10 
youtube2007,12,dense,38,2.3979,7 4 2 11 9 3 6 10 8 1 5 0 
youtube2007,12,dense,39,2.3430,10 6 5 0 7 8 2 1 9 11 3 4 ,11.7429,0.3641,0.1746,0.0002,105.5750,12230106544,32485406
youtube2007,12,dense,40,2.3505,3 10 9 7 2 4 8 1 5 11 6 0 ,11.7253,0.4251,0.1919,0.0001,478.1657,85671788390,163604519
youtube2007,12,dense,41,2.8760,1 5 8 9 7 0 3 6 11 4 10 2 
youtube2007,12,dense,42,2.8973,0 6 4 2 1 5 7 3 10 8 11 9 
youtube2007,12,dense,43,2.8112,9 3 6 10 8 7 11 0 5 2 4 1 
youtube2007,12,dense,44,2.7574,8 5 2 7 11 6 9 10 1 4 3 0 
youtube2007,12,dense,45,2.7572,3 5 1 7 0 2 4 8 6 9 10 11 
youtube2007,12,dense,46,2.7444,3 2 6 7 1 5 9 0 11 4 10 8 
youtube2007,12,dense,47,2.4223,9 4 5 7 8 3 6 11 10 0 1 2 ,12.0862,0.1505,0.1307,0.0001,110.4394,7621380960,1121387338
youtube2007,12,dense,48,2.3333,0 6 9 4 3 5 7 2 1 11 8 10 
youtube2007,12,dense,49,2.2525,10 7 9 8 1 11 5 2 4 3 6 0 
youtube2007,12,dense,50,2.1905,0 2 3 6 5 8 4 1 7 9 10 11 
youtube2007,12,dense,51,2.8892,2 3 1 5 9 7 8 4 10 6 0 11 ,13.7897,0.1049,0.1308,0.0001,0.5621,442436,5034501
youtube2007,12,dense,52,2.6932,8 2 7 5 6 1 0 9 10 4 3 11 ,13.6965,0.1813,0.1239,0.0001,0.0099,14370,177306
youtube2007,12,dense,53,2.7019,1 0 5 6 7 9 10 8 3 11 2 4 
youtube2007,12,dense,54,2.9143,3 1 6 9 7 5 4 8 2 11 0 10 ,14.1008,0.7779,0.3142,0.0004,402.3774,45783616076,360280758
youtube2007,12,dense,55,2.6048,0 11 5 6 8 10 3 7 1 2 4 9 
youtube2007,12,dense,56,2.6619,2 0 10 4 5 6 9 1 3 7 8 11 
youtube2007,12,dense,57,2.6099,8 5 0 11 10 3 1 7 2 4 6 9 
youtube2007,12,dense,58,2.6229,5 11 1 3 0 4 8 7 6 9 2 10 
youtube2007,12,dense,59,2.6218,2 6 3 4 8 10 9 0 1 7 5 11 
youtube2007,12,dense,60,2.3545,9 11 1 3 6 4 7 2 0 5 8 10 
youtube2007,12,dense,61,2.8999,7 3 11 5 4 6 9 2 1 0 10 8 
youtube2007,12,dense,62,3.3562,1 4 5 6 10 11 2 7 9 3 8 0 
youtube2007,12,dense,63,2.8311,5 2 4 1 3 7 8 9 10 11 0 6 
youtube2007,12,dense,64,2.7568,5 2 0 7 4 6 3 8 1 11 9 10 
youtube2007,12,dense,65,2.7628,7 2 3 8 10 0 9 6 5 4 11 1 
youtube2007,12,dense,66,2.5291,2 0 3 7 4 1 5 8 6 9 11 10 ,13.5372,0.0602,0.1049,0.0000,0.0074,1030477,1605
youtube2007,12,dense,67,2.5968,4 5 10 2 9 6 3 7 11 1 0 8 ,13.3988,0.2044,0.1115,0.0001,0.1030,380104,3611484
youtube2007,12,dense,68,2.4186,10 2 5 4 11 7 6 9 1 3 8 0 ,12.1539,0.2498,0.1241,0.0001,4.3336,52335527,58016176
youtube2007,12,dense,69,2.3282,10 7 4 9 8 11 2 0 5 6 3 1 ,11.7884,0.3004,0.1295,0.0002,102.1207,4159957634,1269054213
youtube2007,12,dense,70,2.6020,4 8 9 3 5 11 6 7 2 0 1 10 
youtube2007,12,dense,71,2.8824,1 3 0 8 2 4 6 5 9 7 11 10 
youtube2007,12,dense,72,2.8780,8 7 9 5 2 0 10 1 6 4 3 11 ,13.8020,0.2172,0.1271,0.0001,0.0548,2931261,342387
youtube2007,12,dense,73,2.7350,5 4 8 6 7 9 11 3 2 0 1 10 
youtube2007,12,dense,74,2.7660,3 8 10 4 9 1 5 6 2 7 0 11 
youtube2007,12,dense,75,2.8568,7 3 9 6 5 11 10 1 8 0 2 4 ,13.7052,0.9608,0.3310,0.0006,35.0824,378594590,693057945
youtube2007,12,dense,76,2.7338,6 5 9 11 10 1 2 4 8 3 7 0 
youtube2007,12,dense,77,2.7633,10 5 7 3 4 8 9 2 1 0 6 11 
youtube2007,12,dense,78,2.7067,4 9 11 3 7 10 6 8 5 2 1 0 
youtube2007,12,dense,79,2.4356,1 4 5 8 9 11 10 7 0 2 6 3 
youtube2007,12,dense,80,2.3844,1 2 8 6 7 9 10 11 3 0 5 4 
youtube2007,12,dense,81,2.9246,10 6 7 3 4 5 8 9 2 11 0 1 
youtube2007,12,dense,82,2.8832,6 1 11 2 5 0 7 10 8 4 9 3 ,13.7268,0.4854,0.1639,0.0001,20.2508,930130080,113773583
youtube2007,12,dense,83,2.6044,4 11 3 6 5 1 7 10 9 0 2 8 
youtube2007,12,dense,84,2.5789,0 3 7 8 6 9 10 11 4 1 5 2 
youtube2007,12,dense,85,2.9067,11 6 3 1 0 8 9 7 4 10 2 5 
youtube2007,12,dense,86,2.6993,2 4 5 9 7 8 3 10 6 1 11 0 
youtube2007,12,dense,87,2.4067,10 7 1 3 4 5 8 2 9 6 0 11 
youtube2007,12,dense,88,2.4240,6 9 3 4 5 8 1 7 2 10 11 0 ,12.0995,0.1833,0.1165,0.0001,101.0153,6931048322,410922677
youtube2007,12,dense,89,2.3394,4 6 11 3 8 0 2 7 1 5 9 10 ,11.7861,0.0851,0.1113,0.0000,0.0296,371898,517429
youtube2007,12,dense,90,2.4852,9 7 3 2 11 10 5 6 4 1 8 0 ,11.9508,0.1969,0.1222,0.0000,0.1153,8299904,750827
youtube2007,12,dense,91,2.8989,10 7 9 5 11 0 1 6 2 8 4 3 
youtube2007,12,dense,92,2.9074,3 4 2 7 9 5 8 6 0 10 1 11 
youtube2007,12,dense,93,2.7738,6 11 10 0 7 4 9 1 8 5 3 2 
youtube2007,12,dense,94,2.9352,7 11 5 10 6 1 8 0 2 9 3 4 
youtube2007,12,dense,95,2.5986,5 3 7 11 6 9 4 8 10 0 1 2 
youtube2007,12,dense,96,2.7256,5 10 8 2 3 9 11 6 0 4 1 7 
youtube2007,12,dense,97,2.2964,0 4 6 3 5 11 7 2 1 8 9 10 
youtube2007,12,dense,98,2.2858,7 11 8 9 10 5 2 1 4 3 6 0 
youtube2007,12,dense,99,2.4178,2 1 7 0 3 4 9 6 8 5 10 11 
youtube2007,12,dense,100,2.1766,3 10 4 5 6 1 2 0 8 7 11 9 ,11.0638,0.0356,0.0981,0.0000,0.0122,362688,53868
youtube2007,12,sparse,1,2.9854,6 1 7 4 5 2 8 0 3 11 9 10 ,15.2643,0.2451,0.1374,0.0001,0.1423,13714975,312446
youtube2007,12,sparse,2,2.8338,0 4 3 1 7 5 2 6 9 8 10 11 
youtube2007,12,sparse,3,2.7262,3 4 6 1 5 8 7 9 0 2 11 10 ,13.0528,0.4431,0.2052,0.0003,29.8904,2470739053,83624610
youtube2007,12,sparse,4,2.8487,5 2 1 3 4 7 11 10 0 6 9 8 ,13.9568,0.0515,0.1104,0.0000,0.0013,9,41
youtube2007,12,sparse,5,2.6360,7 4 9 2 0 6 3 1 10 5 8 11 
youtube2007,12,sparse,6,2.6213,8 6 3 1 4 7 2 5 0 11 9 10 
youtube2007,12,sparse,7,2.5979,7 0 6 8 11 9 10 2 1 3 5 4 
youtube2007,12,sparse,8,2.5990,5 1 10 6 0 3 9 8 4 7 2 11 
youtube2007,12,sparse,9,2.3083,3 6 7 10 4 5 8 9 11 1 0 2 ,12.2330,0.4379,0.1468,0.0001,0.2011,6656420,241717
youtube2007,12,sparse,10,2.6680,8 6 9 4 2 1 7 3 5 11 10 0 ,12.6147,0.1181,0.1187,0.0000,0.0612,4526967,182731
youtube2007,12,sparse,11,2.9094,4 3 5 9 6 8 10 7 2 0 1 11 ,14.0038,0.0241,0.1160,0.0000,0.3261,10281600,4384814
youtube2007,12,sparse,12,2.7123,3 7 8 4 2 6 9 5 11 0 10 1 
youtube2007,12,sparse,13,2.9349,5 8 11 7 4 2 3 0 6 1 9 10 
youtube2007,12,sparse,14,3.0617,7 0 10 5 4 6 9 8 11 1 3 2 ,15.9599,0.1607,0.1437,0.0000,0.0036,93744,19441
youtube2007,12,sparse,15,3.5133,3 1 2 7 4 6 5 0 8 10 9 11 
youtube2007,12,sparse,16,3.0346,11 10 8 7 3 6 1 4 9 5 0 2 
youtube2007,12,sparse,17,2.8230,1 5 7 9 3 2 11 6 4 10 8 0 
youtube2007,12,sparse,18,2.5990,8 5 7 10 9 4 1 0 3 6 11 2 ,12.8943,0.2242,0.1246,0.0001,0.0584,4450907,214740
youtube2007,12,sparse,19,2.5986,2 11 3 5 6 4 8 1 0 7 9 10 
youtube2007,12,sparse,20,2.7430,2 5 7 3 6 8 0 9 4 11 10 1 ,14.2694,2.2455,0.7586,0.0019,1623.9104,144794242722,2103106206
youtube2007,12,sparse,21,2.9301,4 6 7 2 3 1 9 8 10 11 0 5 
youtube2007,12,sparse,22,2.8737,7 0 2 1 5 4 3 8 10 9 6 11 ,13.8409,0.0457,0.1223,0.0001,10.1875,151779848,33493531
youtube2007,12,sparse,23,2.7142,2 9 0 4 5 8 1 3 6 11 10 7 
youtube2007,12,sparse,24,2.6059,1 10 11 4 3 7 5 8 0 6 9 2 
youtube2007,12,sparse,25,2.6021,5 3 7 10 2 6 4 1 8 9 0 11 ,12.8687,0.3038,0.1705,0.0002,1.4666,132631142,3186658
youtube2007,12,sparse,26,2.6202,6 5 11 10 7 9 8 0 1 4 3 2 ,12.8756,0.1020,0.1172,0.0000,0.2989,2558464,4323217
youtube2007,12,sparse,27,2.6101,4 3 6 1 10 5 2 11 0 7 9 8 ,12.8097,0.0379,0.1118,0.0000,0.0012,1664,1799
youtube2007,12,sparse,28,2.9234,5 8 0 7 1 9 11 10 3 6 4 2 
youtube2007,12,sparse,29,3.0493,0 7 6 3 8 5 2 4 1 10 9 11 ,15.0324,0.0727,0.1451,0.0000,0.0056,372064,6802
youtube2007,12,sparse,30,3.1224,7 3 9 10 6 8 0 5 2 1 4 11 
youtube2007,12,sparse,31,2.9517,6 1 8 5 7 10 3 9 2 4 0 11 
youtube2007,12,sparse,32,2.8843,3 2 1 8 4 11 9 10 0 5 7 6 ,13.8501,0.0847,0.1179,0.0000,11.2358,1127664096,6065845
youtube2007,12,sparse,33,2.8045,7 1 9 10 6 11 8 5 2 4 0 3 
youtube2007,12,sparse,34,3.0694,3 10 9 6 4 7 8 11 1 5 2 0 
youtube2007,12,sparse,35,3.0813,11 6 4 9 10 5 3 7 8 1 0 2 ,15.8558,0.2874,0.1591,0.0002,3.3083,62278404,15382222
youtube2007,12,sparse,36,2.9320,10 1 3 2 11 0 5 4 8 6 7 9 
youtube2007,12,sparse,37,2.9200,2 7 6 8 4 3 9 10 5 11 1 0 ,14.8947,1.1490,0.4694,0.0010,1348.9973,49291835057,9732464448
youtube2007,12,sparse,38,2.9220,1 6 5 8 7 9 4 2 0 3 10 11 
youtube2007,12,sparse,39,2.9465,5 9 4 6 2 0 3 8 7 1 11 10 
youtube2007,12,sparse,40,2.9264,9 5 3 8 10 4 6 1 2 7 0 11 ,12.4565,0.9384,0.3046,0.0008,141.1268,10542782150,914485695
youtube2007,12,sparse,41,3.5744,6 1 4 8 7 3 5 2 9 10 11 0 ,16.0627,1.1561,0.5369,0.0010,1348.7011,118890186178,347581003
youtube2007,12,sparse,42,2.9470,5 4 6 7 9 3 2 1 8 11 0 10 
youtube2007,12,sparse,43,2.9144,1 4 8 5 2 3 10 9 0 6 11 7 ,14.9059,0.0513,0.1445,0.0000,0.0062,208352,32826
youtube2007,12,sparse,44,2.9176,5 1 3 6 11 9 10 7 8 0 2 4 ,14.8471,0.0525,0.1428,0.0000,0.0012,4,212
youtube2007,12,sparse,45,2.9126,6 4 10 5 8 11 7 3 9 0 1 2 
youtube2007,12,sparse,46,2.6147,11 8 5 4 10 2 6 9 7 3 0 1 
youtube2007,12,sparse,47,2.6177,6 9 8 7 3 4 11 10 2 5 0 1 
youtube2007,12,sparse,48,2.9976,0 7 6 1 5 3 9 4 2 10 8 11 ,14.9212,0.9270,0.3045,0.0005,44.5018,5254594281,34399185
youtube2007,12,sparse,49,2.9233,9 6 11 1 10 7 8 5 2 3 4 0 
youtube2007,12,sparse,50,2.7281,2 8 10 6 1 0 5 3 11 4 7 9 
youtube2007,12,sparse,51,3.5675,10 5 8 9 4 11 0 3 7 6 2 1 
youtube2007,12,sparse,52,2.8756,7 9 1 5 11 4 10 3 6 8 0 2 ,13.8284,0.8705,0.2952,0.0007,32.2774,2838260590,38629192
youtube2007,12,sparse,53,2.6141,2 4 3 6 7 5 8 11 0 9 1 10 
youtube2007,12,sparse,54,3.4368,4 1 8 2 3 7 9 0 5 6 11 10 ,17.0372,1.7431,0.5470,0.0009,27.1870,2679808568,39870140
youtube2007,12,sparse,55,2.9012,5 3 4 1 6 0 2 11 8 7 10 9 
youtube2007,12,sparse,56,2.9562,8 11 5 10 6 2 3 1 4 7 0 9 
youtube2007,12,sparse,57,3.0649,3 6 7 8 2 1 5 0 4 10 11 9 
youtube2007,12,sparse,58,2.4478,5 7 11 0 9 8 6 10 1 4 3 2 
youtube2007,12,sparse,59,2.2897,11 5 1 6 8 9 7 10 0 2 3 4 
youtube2007,12,sparse,60,2.6023,8 0 7 6 10 11 4 2 9 5 3 1 
youtube2007,12,sparse,61,3.5398,1 10 6 5 9 7 4 0 2 3 8 11 
youtube2007,12,sparse,62,3.3884,7 4 6 8 5 1 0 3 2 9 10 11 
youtube2007,12,sparse,63,3.2244,2 3 7 6 8 0 1 4 5 11 9 10 
youtube2007,12,sparse,64,2.6088,8 6 0 7 4 3 1 5 2 10 9 11 
youtube2007,12,sparse,65,2.9365,2 9 8 10 7 6 1 5 0 3 4 11 
youtube2007,12,sparse,66,2.9315,7 0 5 2 9 1 6 8 3 11 10 4 ,14.9570,0.0760,0.1458,0.0000,0.4687,13459718,2584128
youtube2007,12,sparse,67,3.0721,2 10 6 1 4 8 5 0 9 7 3 11 
youtube2007,12,sparse,68,2.3022,5 7 4 6 9 3 10 2 8 0 11 1 
youtube2007,12,sparse,69,2.6109,1 10 11 5 9 7 6 0 4 8 2 3 
youtube2007,12,sparse,70,2.1907,5 6 4 1 2 10 9 3 11 7 8 0 ,11.2238,2.1910,0.6022,0.0031,1203.6840,29587570769,5967605442
youtube2007,12,sparse,71,3.4387,0 7 1 9 2 5 8 11 6 3 4 10 
youtube2007,12,sparse,72,3.4008,5 4 8 9 6 0 1 2 3 10 7 11 ,16.1817,0.2140,0.2068,0.0005,1023.7909,94862458453,749484507
youtube2007,12,sparse,73,2.5955,3 7 4 6 5 8 0 9 11 10 1 2 
youtube2007,12,sparse,74,2.5984,1 8 4 3 6 10 9 2 7 5 0 11 ,12.7441,0.0621,0.1164,0.0000,251.8693,31474355792,590285416
youtube2007,12,sparse,75,2.5979,8 5 9 6 10 3 0 4 11 7 1 2 
youtube2007,12,sparse,76,2.9152,8 2 7 0 1 3 9 5 11 10 4 6 
youtube2007,12,sparse,77,2.5922,4 9 11 1 8 5 10 7 3 6 2 0 
youtube2007,12,sparse,78,2.2910,4 9 2 3 11 8 1 5 6 10 7 0 
youtube2007,12,sparse,79,2.7303,10 5 11 8 7 4 9 6 3 2 0 1 ,12.1888,0.1178,0.1721,0.0002,573.5796,37690482509,952572644
youtube2007,12,sparse,80,2.3714,2 10 8 1 3 0 4 6 5 7 9 11 
youtube2007,12,sparse,81,2.9237,8 7 0 9 6 4 2 5 3 10 11 1 
youtube2007,12,sparse,82,2.8729,8 10 6 7 11 3 9 4 5 0 1 2 ,13.8159,0.9078,0.2965,0.0012,160.1569,22165352608,8074720
youtube2007,12,sparse,83,2.9511,5 4 6 10 8 9 11 3 7 1 0 2 
youtube2007,12,sparse,84,2.9357,11 1 5 4 6 7 9 10 3 2 8 0 
youtube2007,12,sparse,85,2.9370,0 4 5 3 2 1 6 8 7 10 11 9 ,15.0945,0.1516,0.1591,0.0001,11.5706,817317851,24246583
youtube2007,12,sparse,86,2.9533,0 11 2 1 8 9 3 4 7 6 5 10 
youtube2007,12,sparse,87,2.6058,10 5 11 7 4 2 6 3 9 1 8 0 
youtube2007,12,sparse,88,2.3977,7 9 10 8 3 2 1 4 6 5 11 0 ,11.9818,0.0618,0.1044,0.0001,0.1277,15820437,385358
youtube2007,12,sparse,89,2.6585,6 8 9 2 5 3 4 7 1 11 0 10 
youtube2007,12,sparse,90,2.7331,1 7 3 10 11 9 6 5 4 2 8 0 
youtube2007,12,sparse,91,3.6270,6 7 8 9 2 1 5 4 0 3 10 11 
youtube2007,12,sparse,92,3.3714,11 2 9 10 3 1 5 6 7 4 8 0 
youtube2007,12,sparse,93,3.2649,3 4 7 0 6 9 1 10 2 11 8 5 
youtube2007,12,sparse,94,2.9270,4 6 8 2 5 1 9 3 10 11 7 0 ,14.8935,0.3653,0.1929,0.0001,3.8745,26651084,64964412
youtube2007,12,sparse,95,3.1643,3 4 1 6 7 8 0 2 11 5 10 9 
youtube2007,12,sparse,96,3.0897,9 2 3 4 0 7 5 6 10 1 11 8 
youtube2007,12,sparse,97,3.5373,3 0 4 2 7 5 1 8 11 9 6 10 
youtube2007,12,sparse,98,2.7389,5 9 3 6 11 8 1 2 0 4 7 10 
youtube2007,12,sparse,99,2.2569,5 4 3 7 9 10 11 8 6 0 1 2 
youtube2007,12,sparse,100,2.5798,0 9 1 3 6 5 4 7 8 10 2 11 ,13.4624,0.4497,0.2407,0.0002,5.5702,294240712,10700484
youtube2007,16,dense,1,2.9102,8 15 10 9 4 7 3 11 6 12 2 5 1 0 14 13 ,13.9252,0.1068,0.1527,0.0000,1.1806,116786260,11113595
youtube2007,16,dense,2,3.0171,5 12 0 11 10 15 13 14 9 3 7 8 2 6 4 1 
youtube2007,16,dense,3,2.8544,6 13 12 14 15 1 7 10 5 2 0 9 11 4 3 8 
youtube2007,16,dense,4,2.8864,3 13 7 10 12 8 14 2 6 9 4 11 1 5 15 0 
youtube2007,16,dense,5,3.1126,5 13 15 3 7 14 8 0 1 2 10 9 11 6 12 4 
youtube2007,16,dense,6,3.2947,11 7 4 8 13 6 14 1 10 5 12 3 9 2 15 0 ,14.9159,0.1170,0.1542,0.0001,52.9345,7856936640,41889552
youtube2007,16,dense,7,2.7255,6 5 8 11 3 10 9 14 12 0 7 4 15 2 13 1 
youtube2007,16,dense,8,2.7243,3 11 8 5 1 7 6 15 9 2 12 0 4 14 13 10 ,14.0814,0.3593,0.1726,0.0002,39.0640,793405166,535135747
youtube2007,16,dense,9,2.8086,5 7 1 3 4 0 6 8 13 12 2 9 10 11 14 15 
youtube2007,16,dense,10,2.4967,11 6 3 14 13 9 8 10 4 7 15 5 2 12 1 0 
youtube2007,16,dense,11,3.3601,6 2 8 15 14 3 10 4 12 0 7 9 5 11 1 13 
youtube2007,16,dense,12,2.8372,3 8 9 5 13 11 12 10 4 7 6 14 15 1 2 0 
youtube2007,16,dense,13,2.8310,1 10 11 12 7 5 2 3 6 0 8 4 9 15 14 13 
youtube2007,16,dense,14,2.7543,15 4 7 6 9 8 5 14 3 11 10 13 12 0 1 2 
youtube2007,16,dense,15,2.5951,11 4 3 2 6 9 10 12 15 14 13 1 5 8 7 0 ,12.7909,0.2583,0.1517,0.0001,1.0856,183120,15533606
youtube2007,16,dense,16,2.8858,7 11 3 5 9 2 1 14 0 8 4 12 10 13 6 15 ,14.0929,0.1039,0.1432,0.0000,0.0186,310560,203032
youtube2007,16,dense,17,2.9203,0 12 6 7 9 10 13 11 8 2 1 4 3 14 5 15 
youtube2007,16,dense,18,2.7636,11 7 3 2 6 8 12 10 5 9 13 4 0 14 15 1 
youtube2007,16,dense,19,2.6144,4 8 12 2 7 3 11 1 0 13 15 9 14 5 6 10 
youtube2007,16,dense,20,2.2780,10 7 3 4 12 9 11 6 13 15 5 8 14 0 1 2 ,11.6522,0.0184,0.0956,0.0001,0.0011,960,1203
youtube2007,16,dense,21,3.1781,6 10 11 14 12 7 13 9 1 0 8 4 15 2 5 3 
youtube2007,16,dense,22,2.8569,4 14 10 12 2 13 7 3 1 0 11 15 5 8 6 9 
youtube2007,16,dense,23,2.8201,5 9 2 8 4 10 7 13 15 0 6 1 12 3 11 14 
youtube2007,16,dense,24,2.7550,14 10 11 9 7 8 3 0 4 5 1 6 2 12 13 15 
youtube2007,16,dense,25,2.7566,11 6 12 8 7 9 10 5 1 2 3 13 0 4 15 14 
youtube2007,16,dense,26,2.6036,2 11 13 6 8 3 0 1 5 7 4 15 9 12 10 14 
youtube2007,16,dense,27,2.5080,0 5 3 4 7 15 9 11 8 10 14 1 6 2 13 12 
youtube2007,16,dense,28,2.3596,5 0 3 6 15 1 8 9 7 11 4 12 2 10 13 14 
youtube2007,16,dense,29,2.4519,7 6 2 4 13 14 10 12 1 9 3 8 11 5 0 15 
youtube2007,16,dense,30,2.3672,2 9 8 3 10 5 6 4 7 12 11 13 1 15 14 0 ,11.3404,0.0308,0.0970,0.0000,0.0095,91728,398287
youtube2007,16,dense,31,2.9830,8 9 11 7 14 6 13 12 4 10 5 15 1 0 3 2 
youtube2007,16,dense,32,2.8593,3 8 10 9 11 13 2 4 5 7 15 6 12 14 0 1 ,13.7075,0.0511,0.1106,0.0000,0.0125,20736,882471
youtube2007,16,dense,33,2.6913,1 9 3 15 5 10 6 11 2 0 7 4 8 14 12 13 
youtube2007,16,dense,34,2.9400,9 8 13 7 12 10 2 3 11 5 6 15 0 4 1 14 ,14.2217,0.4989,0.1669,0.0002,12.9151,125132004,295191946
youtube2007,16,dense,35,2.5845,1 13 10 6 8 5 11 3 2 4 12 0 9 14 7 15 
youtube2007,16,dense,36,2.8998,14 7 10 11 2 5 15 0 8 4 13 3 6 9 12 1 ,15.3355,0.1168,0.1496,0.0001,95.8421,821011650,3952070453
youtube2007,16,dense,37,2.9035,8 7 9 3 13 0 4 11 10 1 5 2 6 12 15 14 ,14.7688,0.2355,0.1473,0.0000,0.0274,907560,479894
youtube2007,16,dense,38,2.9147,6 8 15 5 4 2 12 14 3 9 13 10 0 7 1 11 
youtube2007,16,dense,39,2.8981,11 13 7 15 12 2 6 5 10 14 4 9 1 8 3 0 
youtube2007,16,dense,40,2.8894,4 14 3 9 6 7 5 11 13 8 2 1 0 12 15 10 ,15.3125,0.6485,0.1948,0.0001,11.9443,287925698,134166108
youtube2007,16,dense,41,3.1052,6 4 7 11 5 10 13 9 12 8 2 14 15 1 0 3 ,14.7834,0.0974,0.1114,0.0000,0.0035,99456,22844
youtube2007,16,dense,42,3.1272,2 8 6 9 4 7 5 12 15 3 14 0 1 13 10 11 
youtube2007,16,dense,43,2.8690,7 1 3 13 0 5 10 12 2 4 9 6 8 11 14 15 ,13.7755,0.0381,0.1378,0.0000,0.0098,111600,73041
youtube2007,16,dense,44,2.7211,3 15 12 8 13 7 6 10 14 11 1 4 5 0 2 9 
youtube2007,16,dense,45,2.6580,3 5 12 8 6 7 10 13 9 11 15 14 0 4 2 1 
youtube2007,16,dense,46,2.6809,10 9 11 13 8 12 0 6 4 5 7 1 2 3 15 14 ,13.3332,0.0821,0.1100,0.0001,0.2241,18173520,1546340
youtube2007,16,dense,47,2.5964,11 9 4 6 8 10 2 12 3 0 5 7 14 1 13 15 
youtube2007,16,dense,48,2.6086,5 10 3 6 7 8 1 9 13 2 4 12 11 14 15 0 ,12.8281,0.0372,0.1104,0.0000,0.0016,378,4579
youtube2007,16,dense,49,2.6681,8 13 11 9 14 10 15 4 3 2 6 12 1 5 0 7 
youtube2007,16,dense,50,2.6377,2 6 10 12 8 13 14 1 9 4 3 11 15 5 7 0 
youtube2007,16,dense,51,3.0707,7 10 11 13 14 6 8 12 1 2 3 9 4 5 15 0 
youtube2007,16,dense,52,2.8688,9 14 3 6 11 5 8 2 13 15 7 12 4 10 1 0 
youtube2007,16,dense,53,2.8807,5 6 11 2 0 12 15 7 8 9 10 13 14 1 4 3 ,13.7068,0.0857,0.1466,0.0000,0.0022,1920,8663
youtube2007,16,dense,54,2.7817,9 12 13 6 5 8 3 2 11 1 4 10 14 15 0 7 
youtube2007,16,dense,55,2.8558,3 5 1 10 14 4 7 8 0 2 12 11 13 6 15 9 ,13.7251,1.4882,0.5910,0.0004,46.2155,85356084,1058776359
youtube2007,16,dense,56,2.7416,7 2 5 6 8 4 9 1 10 13 11 14 0 15 3 12 
youtube2007,16,dense,57,2.6702,0 11 9 2 5 7 12 10 1 13 3 6 8 4 14 15 
youtube2007,16,dense,58,2.8783,6 11 15 4 13 10 5 9 12 8 3 7 14 0 1 2 
youtube2007,16,dense,59,2.2957,11 14 15 3 10 12 4 6 7 5 8 2 9 13 1 0 
youtube2007,16,dense,60,2.3344,7 4 13 8 5 6 9 10 3 2 0 15 14 11 12 1 
youtube2007,16,dense,61,3.3192,6 3 8 7 10 9 4 11 15 5 12 2 14 1 0 13 
youtube2007,16,dense,62,2.8472,1 13 14 11 8 15 6 7 2 9 12 3 10 4 5 0 
youtube2007,16,dense,63,2.8110,11 1 15 3 5 9 10 14 12 6 8 0 13 2 7 4 ,13.5407,0.4904,0.2206,0.0001,49.5427,147001142,286509325
youtube2007,16,dense,64,2.6077,5 8 12 6 1 7 10 9 11 0 2 3 4 15 13 14 
youtube2007,16,dense,65,2.6019,12 6 10 2 5 9 13 4 11 3 8 1 14 0 7 15 
youtube2007,16,dense,66,2.9035,0 6 8 11 9 10 5 13 4 7 14 2 12 3 1 15 
youtube2007,16,dense,67,2.7882,15 12 14 13 6 11 8 5 7 9 10 1 2 3 4 0 
youtube2007,16,dense,68,2.8224,9 2 4 3 6 5 7 13 8 1 10 11 14 15 12 0 ,13.3593,0.0437,0.1327,0.0001,0.0019,2898,553
youtube2007,16,dense,69,2.4970,12 5 13 14 3 2 11 8 10 15 1 9 4 7 6 0 
youtube2007,16,dense,70,2.2953,8 7 12 13 9 14 6 15 10 5 4 1 3 11 2 0 
youtube2007,16,dense,71,3.3441,7 3 12 4 13 6 5 9 1 10 2 8 11 0 14 15 ,15.5105,0.1632,0.1179,0.0000,0.0020,1296,10213
youtube2007,16,dense,72,2.6157,1 15 2 4 3 6 8 7 9 0 10 12 5 14 11 13 
youtube2007,16,dense,73,2.8732,13 12 8 10 1 4 14 2 9 11 3 0 6 7 5 15 
youtube2007,16,dense,74,2.9452,5 8 13 15 10 11 14 7 12 6 3 9 0 1 2 4 
youtube2007,16,dense,75,2.6157,2 3 6 8 9 5 7 10 1 13 11 12 4 0 15 14 ,12.8931,0.0426,0.1099,0.0000,1.2258,6220800,38020243
youtube2007,16,dense,76,2.7367,14 6 8 15 7 11 10 13 12 0 5 9 4 3 2 1 
youtube2007,16,dense,77,2.5959,3 6 9 7 1 14 13 12 4 8 5 2 0 10 11 15 
youtube2007,16,dense,78,2.6113,7 12 4 0 9 13 6 5 10 2 8 1 11 3 14 15 
youtube2007,16,dense,79,2.6429,12 3 6 4 0 2 11 9 5 1 8 10 7 14 15 13 ,12.5215,0.0335,0.1347,0.0000,0.0011,88,113
youtube2007,16,dense,80,2.4697,7 6 8 9 5 10 11 12 3 2 1 4 0 15 13 14 
youtube2007,16,dense,81,2.9076,6 5 7 8 9 11 13 10 14 12 0 2 3 4 15 1 
youtube2007,16,dense,82,2.8978,2 3 11 13 5 6 8 9 10 12 4 7 15 0 1 14 
youtube2007,16,dense,83,2.8114,5 8 7 15 12 11 10 13 2 14 9 6 0 1 3 4 ,13.5348,0.1038,0.1221,0.0000,0.8831,58742415,1428714
youtube2007,16,dense,84,2.9613,3 15 7 4 6 5 8 9 14 11 10 13 0 1 2 12 
youtube2007,16,dense,85,2.9720,11 15 10 13 3 6 7 8 9 1 4 5 2 12 0 14 
youtube2007,16,dense,86,3.1250,6 11 10 3 5 7 15 0 8 2 4 12 9 1 14 13 
youtube2007,16,dense,87,2.5987,2 11 6 1 7 10 3 9 8 5 12 13 0 14 4 15 ,12.7982,0.1829,0.1626,0.0001,421.8375,26152496824,639616827
youtube2007,16,dense,88,2.6164,13 10 6 9 11 12 14 15 7 5 3 4 2 0 1 8 
youtube2007,16,dense,89,2.3233,3 11 15 14 4 5 9 8 6 0 12 13 2 10 1 7 
youtube2007,16,dense,90,2.6769,2 12 15 7 10 4 11 9 8 3 6 13 5 14 0 1 
youtube2007,16,dense,91,3.1838,8 7 9 10 11 6 2 0 5 3 14 13 12 1 15 4 
youtube2007,16,dense,92,2.8385,6 11 4 8 7 9 12 13 5 2 15 0 10 1 3 14 
youtube2007,16,dense,93,2.8340,9 10 15 7 12 4 11 14 8 1 2 0 5 13 6 3 
youtube2007,16,dense,94,2.5882,9 12 7 5 11 14 6 4 8 10 0 13 2 1 3 15 
youtube2007,16,dense,95,2.7475,4 11 7 8 9 12 10 6 13 3 5 15 0 1 2 14 
youtube2007,16,dense,96,2.5883,3 6 5 8 10 4 1 7 13 12 11 9 14 15 0 2 
youtube2007,16,dense,97,2.4821,2 7 8 5 6 0 9 1 10 11 14 12 15 3 13 4 
youtube2007,16,dense,98,2.3042,0 8 7 11 14 12 10 2 5 1 6 9 4 3 13 15 
youtube2007,16,dense,99,2.2925,10 7 11 6 2 9 1 0 4 12 13 8 3 5 15 14 
youtube2007,16,dense,100,2.3295,7 6 3 8 9 11 4 5 1 0 12 13 15 2 10 14 
youtube2007,16,sparse,1,2.8671,11 0 6 13 7 9 1 3 5 4 8 12 2 14 10 15 
youtube2007,16,sparse,2,2.8436,9 6 11 13 7 8 5 2 10 4 14 12 0 3 15 1 
youtube2007,16,sparse,3,2.8712,9 15 8 7 14 13 5 12 10 11 4 6 0 1 3 2 
youtube2007,16,sparse,4,2.7367,15 13 10 2 11 9 12 1 14 0 3 5 7 6 8 4 ,13.3081,0.1808,0.1163,0.0001,0.2935,657980,6319170
youtube2007,16,sparse,5,2.7976,9 10 1 14 12 13 6 3 15 8 11 5 2 7 0 4 ,13.5376,0.2424,0.1380,0.0001,21.4251,2727018232,534146
youtube2007,16,sparse,6,2.5828,15 9 12 10 6 5 7 11 13 8 4 0 2 3 14 1 
youtube2007,16,sparse,7,2.6039,7 5 6 9 11 10 1 2 4 0 3 8 13 12 14 15 
youtube2007,16,sparse,8,2.6394,6 15 12 13 14 4 1 0 8 11 9 5 2 10 7 3 ,13.1512,0.1040,0.1228,0.0001,14.6051,850584116,3986047
youtube2007,16,sparse,9,2.5871,10 13 14 12 4 1 5 6 8 11 7 9 3 15 0 2 ,12.7509,0.0532,0.1081,0.0000,0.0046,311256,18552
youtube2007,16,sparse,10,2.7120,11 13 6 9 10 7 1 2 14 0 5 8 4 12 3 15 ,13.0373,0.0925,0.1151,0.0000,185.1695,21737079360,232885097
youtube2007,16,sparse,11,3.0575,9 11 5 6 8 10 7 12 4 2 1 15 13 14 0 3 
youtube2007,16,sparse,12,2.8769,2 6 3 1 0 15 8 4 9 13 5 7 14 11 10 12 
youtube2007,16,sparse,13,2.8793,1 13 7 8 11 3 10 0 4 6 5 2 9 15 12 14 
youtube2007,16,sparse,14,2.8382,4 5 1 8 6 13 3 9 15 10 2 0 11 7 14 12 
youtube2007,16,sparse,15,2.8423,4 10 9 13 6 8 5 15 11 7 12 3 2 14 0 1 ,13.6401,0.0639,0.1278,0.0001,252.3823,44297152606,1210092
youtube2007,16,sparse,16,2.6117,4 13 12 5 15 8 7 14 3 10 9 0 11 6 1 2 
youtube2007,16,sparse,17,2.6084,13 6 11 10 12 2 7 4 9 3 1 5 8 14 0 15 
youtube2007,16,sparse,18,2.4227,3 2 7 8 9 10 1 4 6 5 12 0 11 13 14 15 
youtube2007,16,sparse,19,2.7616,8 7 4 12 11 0 9 2 1 13 5 14 3 6 15 10 
youtube2007,16,sparse,20,2.3603,8 6 7 12 15 10 13 9 0 5 11 14 3 4 2 1 
youtube2007,16,sparse,21,2.8788,5 11 8 9 14 15 12 6 13 1 7 10 4 0 2 3 
youtube2007,16,sparse,22,2.8345,3 5 7 6 8 1 0 11 14 4 10 12 9 15 2 13 
youtube2007,16,sparse,23,2.8733,13 5 2 6 8 1 12 3 0 9 7 4 10 11 15 14 ,13.7729,0.0730,0.1141,0.0000,0.0026,9272,21532
youtube2007,16,sparse,24,2.7247,4 9 6 11 10 8 0 5 2 7 3 1 13 15 12 14 
youtube2007,16,sparse,25,2.8097,0 7 3 4 6 5 13 9 11 8 2 12 10 1 15 14 
youtube2007,16,sparse,26,2.7377,8 9 10 12 5 11 13 2 1 6 0 4 15 7 14 3 
youtube2007,16,sparse,27,2.7537,11 3 10 5 8 6 9 12 0 7 4 15 1 2 13 14 ,13.5133,0.1941,0.1198,0.0001,0.3428,11816198,1889293
youtube2007,16,sparse,28,2.6173,12 10 13 9 3 11 8 14 0 5 1 4 6 7 15 2 
youtube2007,16,sparse,29,2.2843,1 6 15 11 0 7 13 3 2 9 12 14 5 8 4 10 
youtube2007,16,sparse,30,2.7122,3 4 5 6 7 9 10 8 15 13 14 1 0 2 11 12 
youtube2007,16,sparse,31,2.9014,0 9 1 12 10 5 3 4 11 13 6 2 8 7 14 15 
youtube2007,16,sparse,32,2.8404,10 8 3 12 11 7 2 0 5 15 1 4 9 14 13 6 
youtube2007,16,sparse,33,2.8532,10 9 6 5 15 13 14 12 4 11 2 3 0 8 7 1 ,13.6748,0.1330,0.1157,0.0001,0.3347,2993880,11560370
youtube2007,16,sparse,34,2.7794,6 14 10 9 8 12 7 11 13 0 15 1 4 5 3 2 
youtube2007,16,sparse,35,2.8164,2 3 4 13 1 6 12 15 0 9 8 11 5 7 14 10 
youtube2007,16,sparse,36,2.7299,4 14 13 7 10 8 11 9 3 12 1 2 5 0 6 15 
youtube2007,16,sparse,37,2.6114,1 0 5 3 4 2 13 10 11 14 9 8 12 15 6 7 
youtube2007,16,sparse,38,2.4931,3 1 4 14 2 8 9 10 5 0 15 13 7 6 12 11 
youtube2007,16,sparse,39,2.3571,6 1 5 13 11 14 8 9 3 10 12 15 2 7 4 0 ,11.8266,0.0662,0.1058,0.0001,0.0299,2682720,3351
youtube2007,16,sparse,40,2.5166,7 8 9 5 6 4 1 0 2 3 15 13 10 12 11 14 
youtube2007,16,sparse,41,2.8773,5 12 1 8 3 14 2 6 7 13 11 4 0 15 10 9 ,13.8308,0.1962,0.1310,0.0001,68.9558,12043334352,54810632
youtube2007,16,sparse,42,2.7020,1 12 10 11 13 4 7 14 3 9 6 8 15 0 5 2 
youtube2007,16,sparse,43,2.7389,1 6 8 4 2 7 9 13 15 0 3 5 12 10 11 14 ,13.0819,0.2292,0.1518,0.0002,37.9170,770387300,752624679
youtube2007,16,sparse,44,2.7249,2 7 1 3 9 10 0 4 6 5 8 12 13 15 11 14 ,13.0938,0.0891,0.1111,0.0000,0.0122,1373714,9285
youtube2007,16,sparse,45,2.5935,4 8 5 11 15 2 3 7 6 9 13 0 10 1 12 14 ,12.7653,0.0706,0.1085,0.0000,0.0410,1083768,305987
youtube2007,16,sparse,46,2.6859,8 13 14 9 15 1 12 11 7 10 0 2 6 5 4 3 
youtube2007,16,sparse,47,2.7038,12 4 13 15 1 5 0 2 14 3 10 7 11 8 6 9 
youtube2007,16,sparse,48,2.7098,6 4 8 12 11 5 7 3 10 1 0 9 2 13 15 14 ,13.0003,0.3590,0.1571,0.0002,23.5194,55055580,372623218
youtube2007,16,sparse,49,2.7183,1 7 9 4 6 12 11 3 14 8 2 5 10 15 13 0 
youtube2007,16,sparse,50,2.6252,3 5 13 11 7 6 12 8 4 1 14 0 2 9 10 15 
youtube2007,16,sparse,51,2.8699,9 12 14 11 7 10 8 5 6 13 4 3 15 0 2 1 ,13.8239,0.0616,0.1134,0.0000,2.5558,33065040,25138118
youtube2007,16,sparse,52,2.5987,5 4 3 7 9 10 6 0 2 11 8 14 13 15 12 1 
youtube2007,16,sparse,53,2.6663,6 2 11 12 8 14 5 1 3 4 0 10 13 15 9 7 
youtube2007,16,sparse,54,2.6133,7 4 11 0 12 1 9 10 14 8 13 6 15 2 3 5 ,13.1727,0.0476,0.1108,0.0000,78.1466,10827326400,63554
youtube2007,16,sparse,55,2.7266,15 10 6 9 5 12 11 7 0 2 4 8 3 1 14 13 
youtube2007,16,sparse,56,2.7031,2 3 5 9 7 10 13 15 14 1 0 8 4 11 12 6 
youtube2007,16,sparse,57,2.7661,3 9 13 7 10 8 6 11 5 12 2 1 0 4 14 15 
youtube2007,16,sparse,58,2.6179,11 8 7 12 9 3 6 10 5 0 2 1 14 4 15 13 
youtube2007,16,sparse,59,2.4176,7 9 8 2 10 3 6 1 0 4 5 15 13 11 12 14 
youtube2007,16,sparse,60,2.2813,0 2 3 1 11 13 8 10 15 12 5 6 14 7 9 4 
youtube2007,16,sparse,61,2.8979,5 6 11 2 3 9 8 1 12 10 7 4 0 13 14 15 
youtube2007,16,sparse,62,2.8849,13 11 5 9 8 6 12 7 1 3 10 2 4 15 0 14 
youtube2007,16,sparse,63,2.8506,14 10 9 2 5 13 0 11 3 8 12 4 15 1 7 6 
youtube2007,16,sparse,64,2.8535,6 3 1 7 8 12 4 10 13 14 15 9 11 0 2 5 
youtube2007,16,sparse,65,2.8380,6 7 4 8 10 12 5 9 13 11 3 1 0 15 2 14 
youtube2007,16,sparse,66,2.7606,0 7 11 6 9 5 10 4 13 3 2 8 14 12 1 15 
youtube2007,16,sparse,67,2.4230,1 9 7 8 10 5 2 15 12 13 11 3 14 4 6 0 
youtube2007,16,sparse,68,2.3810,8 11 7 6 10 2 1 12 5 15 13 4 3 9 14 0 
youtube2007,16,sparse,69,2.3788,10 4 8 15 7 3 11 0 9 6 1 2 5 13 14 12 ,11.6543,0.1210,0.1019,0.0001,0.0251,432000,244544
youtube2007,16,sparse,70,2.3616,6 7 13 9 4 11 14 12 8 10 5 15 0 2 3 1 
youtube2007,16,sparse,71,2.8785,4 8 13 14 10 12 11 2 1 5 15 7 9 6 0 3 
youtube2007,16,sparse,72,2.8401,4 14 6 9 2 13 5 8 7 0 1 15 3 12 10 11 
youtube2007,16,sparse,73,2.8796,7 5 13 8 9 11 6 4 10 12 2 1 0 15 14 3 
youtube2007,16,sparse,74,2.8361,7 9 14 11 15 10 13 8 6 5 12 2 0 4 1 3 
youtube2007,16,sparse,75,2.8561,6 0 10 1 2 11 14 9 13 8 15 12 3 4 5 7 ,13.6936,0.3467,0.1750,0.0002,96.1430,4722236998,133939211
youtube2007,16,sparse,76,2.9165,4 8 9 6 12 7 11 5 13 14 15 10 3 0 1 2 ,13.6526,0.0404,0.1131,0.0000,0.0023,3800,12747
youtube2007,16,sparse,77,2.6854,4 6 14 5 0 1 8 11 7 12 9 3 10 13 15 2 
youtube2007,16,sparse,78,2.5917,6 3 15 2 8 5 9 1 12 7 4 0 14 13 11 10 
youtube2007,16,sparse,79,2.4240,6 7 8 9 3 12 10 15 13 14 2 11 5 0 4 1 ,12.1480,0.0453,0.1102,0.0001,0.1975,30669696,422352
youtube2007,16,sparse,80,2.4155,1 5 6 9 13 14 7 15 8 12 2 0 3 10 11 4 
youtube2007,16,sparse,81,3.2861,1 2 15 5 0 3 4 7 8 9 14 10 6 11 12 13 
youtube2007,16,sparse,82,2.8831,8 5 6 9 10 7 11 12 14 13 1 2 0 3 4 15 
youtube2007,16,sparse,83,2.8425,11 6 13 10 12 3 15 7 14 0 9 8 2 1 5 4 ,13.6592,0.2805,0.1501,0.0001,196.7025,34990733636,3298578
youtube2007,16,sparse,84,2.5819,15 6 5 7 8 10 9 13 11 4 12 1 14 3 0 2 
youtube2007,16,sparse,85,2.6110,1 3 4 7 10 14 12 15 6 0 5 8 13 2 11 9 
youtube2007,16,sparse,86,2.5845,8 2 4 5 9 11 3 10 12 1 6 7 15 13 14 0 
youtube2007,16,sparse,87,2.4438,7 13 8 10 9 5 11 3 4 15 6 12 14 0 1 2 
youtube2007,16,sparse,88,2.3146,5 11 12 13 9 10 8 6 15 1 7 3 2 4 0 14 
youtube2007,16,sparse,89,2.3334,1 6 12 9 0 8 7 4 3 10 5 2 13 11 15 14 
youtube2007,16,sparse,90,2.2056,1 3 14 7 5 2 4 12 13 0 6 11 9 8 10 15 
youtube2007,16,sparse,91,2.8909,12 5 10 4 9 8 13 15 1 2 6 7 14 0 3 11 
youtube2007,16,sparse,92,2.8682,8 5 11 12 10 9 6 15 0 2 1 14 4 13 3 7 
youtube2007,16,sparse,93,2.8821,7 12 10 13 5 8 1 11 9 4 3 6 0 15 14 2 
youtube2007,16,sparse,94,2.7485,0 5 12 9 6 7 11 1 10 15 13 3 2 4 8 14 
youtube2007,16,sparse,95,2.6125,6 5 13 11 12 8 9 10 14 4 1 0 2 7 15 3 
youtube2007,16,sparse,96,2.7612,5 10 6 8 4 11 0 7 9 2 12 3 1 15 13 14 ,13.3465,0.1971,0.1265,0.0001,0.0127,208986,87638
youtube2007,16,sparse,97,2.7854,11 3 9 2 5 6 1 4 10 13 15 0 7 12 14 8 
youtube2007,16,sparse,98,2.4557,8 15 12 7 5 11 14 6 13 9 2 4 10 3 1 0 
youtube2007,16,sparse,99,2.4812,6 7 5 3 10 11 12 9 8 4 13 0 15 2 1 14 
youtube2007,16,sparse,100,2.3118,6 7 9 0 8 12 14 15 10 11 13 4 2 3 5 1 ,11.5912,0.0356,0.0975,0.0001,31.4106,6877523136,551
