dataset,query_size,query_mode,query_index,elapsed_execution_time,filter_time,plan_time,enumerate_time,n_embeddings,order,max_task_time,n_intersections
youtube2007,8,dense,4,32.1914,1.41104,0.565179,32.1826,1810971876,mixed,9.52945,21769351
youtube2007,8,dense,5,0.0174928,0.9516120000000001,0.017940400000000002,0.017104599999999998,37928,mixed,0.00548248,14227
youtube2007,8,dense,6,90.3487,3.6026300000000004,3.64742,90.3003,8313609576,mixed,48.4139,66647924
youtube2007,8,dense,9,0.355986,0.48206000000000004,0.0557572,0.354973,10779078,mixed,0.222804,325936
youtube2007,8,dense,10,504.156,2.84668,2.87585,504.129,30074837469,mixed,329.565,383065659
youtube2007,8,dense,12,0.063439,0.635937,0.035867,0.06294259999999999,2333180,mixed,0.026834399999999998,51735
youtube2007,8,dense,14,11.6061,1.38541,0.160976,11.603,934645386,mixed,4.83553,5348862
youtube2007,8,dense,15,446.509,2.74097,3.68281,446.465,83621425335,mixed,187.705,315822233
youtube2007,8,dense,18,0.328298,1.2286700000000002,0.1006,0.32708000000000004,1651374,mixed,0.07584489999999999,350648
youtube2007,8,dense,19,0.36543000000000003,0.914291,0.104459,0.36394699999999996,4889872,mixed,0.181146,306250
youtube2007,8,dense,20,214.817,5.54601,5.25203,214.773,4443371876,mixed,72.9052,115803895
youtube2007,8,dense,21,0.357256,1.0717700000000001,0.134193,0.354435,14471590,mixed,0.135778,207616
youtube2007,8,dense,23,1.4367299999999998,1.07063,0.41953999999999997,1.43297,11589738,mixed,0.489227,1112236
youtube2007,8,dense,24,217.40200000000002,1.34816,1.3098299999999998,217.389,19172769238,mixed,107.84899999999999,133606837
youtube2007,8,dense,26,0.062325,1.02847,0.0565755,0.0616482,162032,mixed,0.0400343,66351
youtube2007,8,dense,27,0.163056,1.66967,0.1606,0.160642,565319,mixed,0.040965499999999995,206843
youtube2007,8,dense,28,0.048508800000000005,1.43226,0.0209798,0.047822500000000004,418496,mixed,0.023384400000000003,36709
youtube2007,8,dense,29,17.7053,2.43341,1.20033,17.6934,91068504,mixed,5.8560099999999995,12733042
youtube2007,8,dense,30,90.0495,1.54395,1.47823,90.0361,28310969676,mixed,34.3934,42452970
youtube2007,8,dense,31,2.83683,1.6850900000000002,0.62827,2.8281,73058160,mixed,1.90198,1920766
youtube2007,8,dense,32,76.4331,5.25433,3.50598,76.392,2936454778,mixed,28.2574,51186858
youtube2007,8,dense,35,0.08619539999999999,0.627505,0.035422,0.0856395,935485,mixed,0.0420331,81136
youtube2007,8,dense,39,0.022484999999999998,0.323793,0.00873786,0.022250400000000004,114182,mixed,0.013335299999999998,16077
youtube2007,8,dense,40,27.8031,2.31977,0.716283,27.7948,319003190,mixed,7.816669999999999,18658282
youtube2007,8,dense,41,44.827,1.90799,1.38831,44.8134,1127083906,mixed,13.3837,42852592
youtube2007,8,dense,42,13.4986,2.0863,0.572044,13.4886,1779017600,mixed,4.81274,13378161
youtube2007,8,dense,45,257.805,2.8824099999999997,1.1475799999999998,257.79,5458366038,mixed,90.2609,259707971
youtube2007,8,dense,47,245.484,5.02628,1.89208,245.428,51819788358,mixed,66.008,124915596
youtube2007,8,dense,48,0.00534745,0.9120389999999999,0.00368378,0.00520665,11604,mixed,0.00211775,2296
youtube2007,8,dense,50,0.0215162,0.194642,0.0062173,0.0213172,56158,mixed,0.00947152,22448
youtube2007,8,dense,51,34.6717,3.05881,1.17333,34.6578,1673377853,mixed,11.3056,30471963
youtube2007,8,dense,52,0.00522128,0.996417,0.00439446,0.00509324,1759,mixed,0.00128661,1590
youtube2007,8,dense,53,0.015183199999999999,0.951159,0.00946254,0.0149572,43614,mixed,0.00637997,14090
youtube2007,8,dense,54,16.8597,2.46663,2.2398599999999997,16.8425,143999176,mixed,5.269769999999999,13090802
youtube2007,8,dense,56,0.017468200000000003,0.9904139999999999,0.00943591,0.015386500000000001,28559,mixed,0.00507619,13374
youtube2007,8,dense,60,0.211312,0.638249,0.0595101,0.21071399999999998,10294944,mixed,0.11098699999999999,240285
youtube2007,8,dense,62,2.50883,0.5709529999999999,0.0671825,2.5078,28048280,mixed,0.9039940000000001,2610508
youtube2007,8,dense,63,4.48174,1.63841,0.505724,4.47425,152441966,mixed,1.35404,4602425
youtube2007,8,dense,64,3.48465,1.37513,0.697074,3.4774800000000003,69622656,mixed,1.9124700000000001,3384963
youtube2007,8,dense,67,1.18632,1.5162,0.22718899999999997,1.18293,12137792,mixed,0.55696,1398777
youtube2007,8,dense,68,0.44843900000000003,1.89668,0.180585,0.44316000000000005,9340899,mixed,0.172988,362966
youtube2007,8,dense,69,0.611228,1.28766,0.19308599999999998,0.609849,2464846,mixed,0.250187,541880
youtube2007,8,dense,73,0.312934,0.5927279999999999,0.058577599999999994,0.311949,51800920,mixed,0.142183,365767
youtube2007,8,dense,75,0.121022,1.05511,0.137974,0.11698499999999999,2060176,mixed,0.097092,132037
youtube2007,8,dense,78,63.9893,0.8877079999999999,0.402805,63.9835,18627072316,mixed,48.4049,73666974
youtube2007,8,dense,79,26.4987,2.14942,0.979925,26.483,17630524852,mixed,7.69538,25626406
youtube2007,8,dense,81,425.121,5.1676400000000005,5.48782,425.06199999999995,9893840194,mixed,187.487,440386756
youtube2007,8,dense,84,44.1441,2.3258900000000002,2.2587,44.1157,5765328428,mixed,18.3727,26516427
youtube2007,8,dense,85,0.69117,2.0028200000000003,0.171478,0.68601,24644806,mixed,0.262741,618020
youtube2007,8,dense,86,503.4,5.34591,7.04955,503.332,41742723954,mixed,238.25900000000001,309495097
youtube2007,8,dense,87,11.2697,1.2681,0.0894506,11.2683,1136773470,mixed,8.74725,6611082
youtube2007,8,dense,89,340.375,2.0451900000000003,2.2172400000000003,340.351,5814024312,mixed,170.90400000000002,174062935
youtube2007,8,dense,90,0.00706522,0.804554,0.00838695,0.00687667,7396,mixed,0.0029072,4317
youtube2007,8,dense,92,439.411,2.17861,2.0428,439.38599999999997,14718039248,mixed,136.901,303103936
youtube2007,8,dense,94,9.85319,2.39126,1.68547,9.84079,128830004,mixed,3.51042,9148897
youtube2007,8,dense,95,48.4153,1.63693,0.659836,48.4047,16257357230,mixed,25.3443,24551197
youtube2007,8,dense,98,27.77,0.335025,0.14419400000000002,27.767,3867011564,mixed,11.2816,18665717
youtube2007,8,dense,99,0.020233,0.667269,0.014394200000000001,0.0199895,21995,mixed,0.00609452,22331
youtube2007,8,sparse,1,0.20717800000000003,1.01627,0.050156099999999995,0.20494,6801281,mixed,0.07152130000000001,137636
youtube2007,8,sparse,2,63.7281,1.9359099999999998,1.8736700000000002,63.7036,21830099425,mixed,29.5771,36612645
youtube2007,8,sparse,5,6.285769999999999,0.473058,0.08448689999999999,6.28355,447209421,mixed,2.57606,452643
youtube2007,8,sparse,6,0.959153,2.64397,0.404905,0.9466100000000001,202680341,mixed,0.370433,511566
youtube2007,8,sparse,7,0.24885900000000002,0.812669,0.0705246,0.24709299999999998,94999955,mixed,0.174492,134065
youtube2007,8,sparse,8,69.2518,0.9546450000000001,1.0156100000000001,69.242,8102001448,mixed,54.1237,31993863
youtube2007,8,sparse,10,0.00277359,0.912401,0.00268891,0.0016349000000000001,38499,mixed,0.0005423509999999999,673
youtube2007,8,sparse,13,359.13599999999997,2.99071,7.26433,359.07599999999996,6227460784,mixed,118.147,170141008
youtube2007,8,sparse,14,279.508,4.90581,6.34168,279.44,10218984832,mixed,106.428,70880360
youtube2007,8,sparse,15,2.1852099999999997,1.77257,0.507955,2.16574,2331668142,mixed,1.3805,1639028
youtube2007,8,sparse,16,100.147,3.29538,3.34257,100.11200000000001,1543726926,mixed,55.0266,89563982
youtube2007,8,sparse,19,0.159563,1.49132,0.19197,0.15866,80157,mixed,0.0466722,171882
youtube2007,8,sparse,21,1.3265200000000001,1.00976,0.156968,1.32239,30171076,mixed,0.8654649999999999,752867
youtube2007,8,sparse,23,0.293569,1.59276,0.189487,0.288021,6328838,mixed,0.131287,223444
youtube2007,8,sparse,24,153.196,2.60623,3.81889,153.155,15258440598,mixed,51.9768,65496586
youtube2007,8,sparse,25,34.5133,0.435935,0.551719,34.509,3847241262,mixed,24.3244,21739567
youtube2007,8,sparse,26,15.3907,1.9510599999999998,1.0365799999999998,15.3676,467197878,mixed,4.17799,10692565
youtube2007,8,sparse,28,22.2557,3.27524,2.46502,22.2045,30794348148,mixed,11.0257,11299453
youtube2007,8,sparse,29,0.191761,0.5515140000000001,0.060651800000000006,0.190883,557762,mixed,0.09596139999999999,137505
youtube2007,8,sparse,31,68.3249,5.11733,3.3035300000000003,68.2538,46877168000,mixed,21.3384,36540159
youtube2007,8,sparse,32,176.12900000000002,2.0173400000000004,0.541683,176.118,12519768722,mixed,86.7119,8475297
youtube2007,8,sparse,33,0.35169,0.927869,0.21674000000000002,0.34645,84169176,mixed,0.207738,339165
youtube2007,8,sparse,34,1.89103,0.487183,0.122752,1.8892200000000001,9046410,mixed,1.2395100000000001,1465719
youtube2007,8,sparse,36,28.4577,4.45148,2.88591,28.4211,522870260,mixed,11.2203,20016437
youtube2007,8,sparse,38,120.896,5.321269999999999,4.66086,120.81299999999999,263842843252,mixed,47.6271,30983719
youtube2007,8,sparse,39,0.00458256,0.805902,0.00730474,0.00436799,3037,mixed,0.00147965,1993
youtube2007,8,sparse,40,34.3689,2.8761900000000002,2.47741,34.3238,113125525906,mixed,12.6662,18278312
youtube2007,8,sparse,41,19.1623,2.0704599999999997,1.4306299999999998,19.1355,579963456,mixed,7.779889999999999,11208723
youtube2007,8,sparse,43,318.23,1.8249799999999998,1.1044200000000002,318.205,22078410104,mixed,105.571,21733938
youtube2007,8,sparse,44,80.6674,3.2558,4.4117,80.6112,30538209946,mixed,25.7986,54433508
youtube2007,8,sparse,45,4.8867199999999995,1.8456700000000001,0.5304909999999999,4.877330000000001,119899767,mixed,3.1465,2520306
youtube2007,8,sparse,46,16.6307,4.89911,3.06658,16.5715,289232483128,mixed,6.10564,10337458
youtube2007,8,sparse,47,0.0119863,0.972024,0.0451527,0.0112465,33738,mixed,0.00369493,9622
youtube2007,8,sparse,49,1.06103,2.2682700000000002,0.6431680000000001,1.04992,72169044,mixed,0.36648800000000004,780118
youtube2007,8,sparse,51,558.778,1.74075,2.2800599999999998,558.756,80147648530,mixed,255.95,306425175
youtube2007,8,sparse,53,14.6599,4.3617099999999995,2.24114,14.6297,374533618,mixed,7.240239999999999,11938502
youtube2007,8,sparse,54,0.0629564,1.43172,0.11028099999999999,0.0614703,175996,mixed,0.018309,67416
youtube2007,8,sparse,55,0.0178093,0.895344,0.011207700000000001,0.017480700000000002,149802,mixed,0.00927679,12610
youtube2007,8,sparse,57,439.125,2.294,3.05931,439.091,105419480996,mixed,292.339,200789773
youtube2007,8,sparse,58,0.0230387,0.977922,0.014141999999999998,0.022592599999999997,618334,mixed,0.00701869,14922
youtube2007,8,sparse,59,0.030925900000000003,1.37878,0.0599665,0.0294058,384423,mixed,0.0131439,19008
youtube2007,8,sparse,61,4.69923,1.36247,0.585743,4.69198,100720240,mixed,1.8907200000000002,2780518
youtube2007,8,sparse,62,66.4087,2.91082,1.15286,66.3787,5819592620,mixed,20.3926,6179573
youtube2007,8,sparse,63,53.9091,1.24163,0.643361,53.8931,23493698411,mixed,25.7903,10859393
youtube2007,8,sparse,66,97.5878,1.8322,1.44285,97.5679,44527091726,mixed,38.5867,57161671
youtube2007,8,sparse,67,42.5328,4.20763,2.05159,42.4985,4045457427,mixed,18.3107,32054924
youtube2007,8,sparse,69,0.10901300000000001,0.7676390000000001,0.0663127,0.107865,1543128,mixed,0.0650635,91913
youtube2007,8,sparse,70,78.5375,0.9513590000000001,1.39716,78.5265,13082101753,mixed,55.0779,34364634
youtube2007,8,sparse,71,0.0183144,0.9040790000000001,0.0351913,0.0176784,26132,mixed,0.00610944,11603
youtube2007,8,sparse,74,6.32545,1.80227,1.28024,6.310569999999999,434568060,mixed,2.72192,5919515
youtube2007,8,sparse,75,7.34859,0.987668,0.7034699999999999,7.34048,128661084,mixed,4.74099,7215862
youtube2007,8,sparse,77,6.823010000000001,2.23786,1.39879,6.798719999999999,315521056,mixed,2.2238900000000004,4643172
youtube2007,8,sparse,78,5.38416,1.65028,0.483286,5.37127,281908678,mixed,2.64975,3614230
youtube2007,8,sparse,79,0.0765197,0.472393,0.0293237,0.0760637,1019974,mixed,0.037893199999999995,41629
youtube2007,8,sparse,81,6.95147,1.30188,1.12666,6.94157,68085662,mixed,4.070819999999999,5727439
youtube2007,8,sparse,82,5.13172,1.49715,0.8988459999999999,5.11221,687402169968,mixed,2.09715,2585270
youtube2007,8,sparse,84,0.0165253,0.897041,0.0101943,0.0161439,120209,mixed,0.00470778,7666
youtube2007,8,sparse,85,0.00551828,0.8015439999999999,0.00397099,0.00525629,2042,mixed,0.00158748,666
youtube2007,8,sparse,86,161.608,0.861613,1.03434,161.597,17583213736,mixed,98.446,90697528
youtube2007,8,sparse,87,18.1456,1.77292,1.68462,18.1313,633891481,mixed,12.6975,19500614
youtube2007,8,sparse,88,17.2936,4.41418,3.34069,17.2553,512765976,mixed,5.31914,14382683
youtube2007,8,sparse,89,0.0121838,0.371946,0.0122384,0.011531399999999999,946368,mixed,0.00693873,7359
youtube2007,8,sparse,91,260.454,4.1072,2.0769599999999997,260.409,91955469918,mixed,71.1493,123823054
youtube2007,8,sparse,94,0.367149,2.99993,0.22284299999999999,0.362565,12298296,mixed,0.159825,215330
youtube2007,8,sparse,95,350.106,3.95335,5.0974699999999995,350.038,396697720310,mixed,112.193,214151998
youtube2007,8,sparse,97,36.2651,2.48259,1.22793,36.2372,1308979896,mixed,11.1828,15859242
youtube2007,8,sparse,99,0.316653,0.638159,0.193048,0.31409000000000004,10737740,mixed,0.296665,269498
youtube2007,12,dense,3,58.3242,2.18742,0.50644,58.3207,11404505557,mixed,26.8177,49865882
youtube2007,12,dense,4,0.685193,1.37119,0.0364675,0.6844279999999999,55120515,mixed,0.503907,345140
youtube2007,12,dense,7,41.4301,1.16834,0.195744,41.4287,2545935373,mixed,11.5517,48191260
youtube2007,12,dense,9,1.55711,1.5207,0.19229200000000002,1.55615,19129765,mixed,0.767046,1977777
youtube2007,12,dense,10,0.31510900000000003,2.07432,0.152103,0.313272,123681863,mixed,0.09606289999999999,336323
youtube2007,12,dense,14,0.00148982,0.8471719999999999,0.00205971,0.001294,19773,5 3 2 8 6 7 9 1 0 4 10 11 ,0.001294,524
youtube2007,12,dense,15,0.011862200000000002,0.613704,0.00423028,0.011629200000000001,1900800,mixed,0.00882625,6029
youtube2007,12,dense,18,75.2369,1.7015799999999999,0.193582,75.2309,23170255068,mixed,36.0301,21925896
youtube2007,12,dense,22,0.000847367,0.9392870000000001,0.00158804,0.00045396,90,10 9 3 6 7 8 5 1 0 4 11 2 ,0.00045396,47
youtube2007,12,dense,24,1.19195,0.753429,0.0374761,1.19165,65974348,mixed,0.9321440000000001,1253402
youtube2007,12,dense,27,0.00104321,0.9388549999999999,0.00474475,0.0008558439999999999,600,1 4 5 6 7 2 9 8 0 3 10 11 ,0.0008558439999999999,308
youtube2007,12,dense,28,0.435812,0.8445729999999999,0.0223435,0.43553000000000003,3860614,mixed,0.272237,293385
youtube2007,12,dense,29,0.00628219,1.04241,0.00969688,0.00602643,6480,mixed,0.00261436,2419
youtube2007,12,dense,30,14.0061,1.81745,0.13328399999999999,14.0041,909940848,mixed,9.61092,5142852
youtube2007,12,dense,32,0.000750181,0.9498629999999999,0.00171205,0.000566421,108,1 3 5 2 4 8 9 0 7 6 10 11 ,0.000566421,55
youtube2007,12,dense,36,38.9372,3.56199,1.49796,38.9201,15614261899,mixed,17.6489,35285609
youtube2007,12,dense,39,120.786,1.1340299999999999,0.4769,120.779,12230106544,mixed,88.5903,32451719
youtube2007,12,dense,40,29.7869,1.6213,0.731524,29.7818,85671788390,mixed,19.787,37437049
youtube2007,12,dense,47,26.2516,1.37503,0.08403139999999999,26.2498,7621380960,mixed,18.7541,21485131
youtube2007,12,dense,48,338.496,1.64942,1.15398,338.48900000000003,157454094524,mixed,180.76,251992119
youtube2007,12,dense,51,0.507138,1.65885,0.0768219,0.506592,442436,mixed,0.352966,431206
youtube2007,12,dense,52,0.0390519,1.6834,0.08763430000000001,0.0383716,14370,mixed,0.014387100000000002,32555
youtube2007,12,dense,54,60.9894,2.1097200000000003,0.830542,60.9767,45783616076,mixed,26.7406,47940956
youtube2007,12,dense,56,36.765,1.20783,0.542775,36.757,12229096514976,mixed,24.6806,35831724
youtube2007,12,dense,62,11.5803,1.35394,0.029894900000000002,11.5797,5664924965068,mixed,8.68525,9702029
youtube2007,12,dense,66,0.00144123,0.848535,0.00395683,0.00109913,1030477,mixed,0.00109734,981
youtube2007,12,dense,67,0.172373,1.48082,0.0894652,0.171988,380104,mixed,0.13759200000000002,214215
youtube2007,12,dense,68,1.7496200000000002,1.41602,0.14478,1.7487,52335527,mixed,0.890293,1724001
youtube2007,12,dense,69,44.9557,1.85945,0.158745,44.9539,4159957634,mixed,37.925,37734680
youtube2007,12,dense,72,0.193422,1.28804,0.0477511,0.192461,2931261,mixed,0.126162,209400
youtube2007,12,dense,75,36.3433,2.53001,1.37186,36.3382,378594590,mixed,12.2493,42863092
youtube2007,12,dense,82,4.06227,1.31031,0.241965,4.05999,930130080,mixed,1.90373,5295277
youtube2007,12,dense,87,200.225,0.6606,0.292171,200.22299999999998,613361939205,mixed,168.41299999999998,146803978
youtube2007,12,dense,88,103.566,2.17993,0.0218261,103.565,6931048322,mixed,73.337,13468397
youtube2007,12,dense,89,0.06313919999999999,1.05092,0.0437689,0.06265230000000001,371898,mixed,0.0426244,85974
youtube2007,12,dense,90,0.144265,1.46751,0.0755477,0.143572,8299904,mixed,0.0854565,160632
youtube2007,12,dense,93,297.728,1.87201,0.49135500000000004,297.725,46894768211,mixed,158.375,404560874
youtube2007,12,dense,100,0.00823597,0.797045,0.0022513000000000003,0.00798164,362688,3 10 4 5 6 1 2 0 8 7 11 9 ,0.00798164,11116
youtube2007,12,sparse,1,0.13214,1.3745100000000001,0.08141699999999999,0.130574,13714975,mixed,0.053589599999999994,108763
youtube2007,12,sparse,3,8.52407,1.4794200000000002,0.5396310000000001,8.51746,2470739053,mixed,5.66119,4574192
youtube2007,12,sparse,4,0.000735855,0.889281,0.00180506,0.000600275,9,4 3 1 7 11 6 2 0 5 10 9 8 ,0.000600275,41
youtube2007,12,sparse,8,442.108,3.3699199999999996,3.4715300000000004,442.085,27115194471036,mixed,294.407,286664228
youtube2007,12,sparse,9,0.145041,1.93755,0.166985,0.139071,6656420,mixed,0.0698394,136017
youtube2007,12,sparse,10,0.06463039999999999,1.58433,0.0427279,0.06414790000000001,4526967,mixed,0.030713400000000002,68352
youtube2007,12,sparse,11,1.32704,0.45743500000000004,0.00446055,1.32691,10281600,mixed,1.324,1104022
youtube2007,12,sparse,14,0.0104958,1.2249700000000001,0.00856597,0.0102066,93744,mixed,0.00290006,1479
youtube2007,12,sparse,18,0.09789389999999999,1.9619400000000002,0.0843995,0.0964428,4450907,mixed,0.0296252,92944
youtube2007,12,sparse,20,135.756,4.65114,2.78539,135.736,144794242722,mixed,85.8497,80042726
youtube2007,12,sparse,22,0.770514,0.613429,0.0115057,0.770005,151779848,7 0 2 1 5 4 3 8 10 9 6 11 ,0.770005,335631
youtube2007,12,sparse,25,1.45502,1.63434,0.414141,1.45004,132631142,mixed,1.09505,1504894
youtube2007,12,sparse,26,0.090794,1.40238,0.0587669,0.0904008,2558464,mixed,0.0516702,69257
youtube2007,12,sparse,27,0.00561655,0.951411,0.00686897,0.00544356,1664,mixed,0.00177279,789
youtube2007,12,sparse,29,0.00305478,0.738196,0.00421684,0.00265556,372064,mixed,0.00211654,791
youtube2007,12,sparse,32,10.9916,0.843727,0.00905396,10.9914,1127664096,mixed,10.8515,27841
youtube2007,12,sparse,35,1.58194,1.49567,0.112687,1.5811,62278404,mixed,0.736097,879398
youtube2007,12,sparse,36,408.86800000000005,2.18722,1.5200799999999999,408.85699999999997,569919675804,mixed,302.371,330286349
youtube2007,12,sparse,37,385.14300000000003,1.9993599999999998,1.5056399999999999,385.131,49291835057,mixed,133.048,311599271
youtube2007,12,sparse,40,37.2447,1.84064,0.928149,37.2362,10542782150,mixed,17.8598,36209630
youtube2007,12,sparse,41,176.975,1.66203,1.4897799999999999,176.96400000000003,118890186178,mixed,87.5975,26088767
youtube2007,12,sparse,43,0.0030857,0.7402569999999999,0.00345287,0.00274506,208352,mixed,0.0020776,809
youtube2007,12,sparse,44,0.00143546,0.935533,0.00367072,0.00129436,4,mixed,0.0006863939999999999,122
youtube2007,12,sparse,48,20.4926,1.9792599999999998,1.8243099999999999,20.4844,5254594281,mixed,18.3108,3374970
youtube2007,12,sparse,52,4.76472,3.17001,1.49758,4.75802,2838260590,mixed,1.6739400000000002,3013024
youtube2007,12,sparse,54,10.1951,2.82177,2.3452,10.1767,2679808568,mixed,2.6000400000000004,10048336
youtube2007,12,sparse,62,16.7659,1.91461,0.78183,16.7594,380942676450,mixed,10.038,15373753
youtube2007,12,sparse,66,0.08938330000000001,0.6277510000000001,0.0249232,0.0890212,13459718,mixed,0.0551456,105745
youtube2007,12,sparse,70,175.321,4.05002,4.07715,175.278,29587570769,mixed,89.5455,103458060
youtube2007,12,sparse,72,472.75300000000004,0.78169,0.28606,472.75,94862458453,mixed,463.685,157446103
youtube2007,12,sparse,74,2.48978,0.8195690000000001,0.045737,2.48905,31474355792,mixed,2.423,1349136
youtube2007,12,sparse,79,297.595,0.567467,0.226831,297.594,37690482509,mixed,295.997,39951714
youtube2007,12,sparse,82,10.9485,2.5482400000000003,0.777742,10.935,22165352608,mixed,3.90294,6419957
youtube2007,12,sparse,85,0.562396,1.26468,0.0733557,0.561175,817317851,mixed,0.37614000000000003,223947
youtube2007,12,sparse,88,0.127165,1.0111299999999999,0.0226496,0.12692799999999999,15820437,mixed,0.11963599999999999,90638
youtube2007,12,sparse,93,1.63027,3.0951400000000002,0.5153989999999999,1.6203,334168173815,mixed,0.646713,1143631
youtube2007,12,sparse,94,1.4615799999999999,2.44184,0.15992,1.45894,26651084,mixed,0.835009,892698
youtube2007,12,sparse,100,3.3275699999999997,1.6856799999999998,0.5448810000000001,3.32354,294240712,mixed,2.4647799999999997,3436420
youtube2007,16,dense,1,0.238873,1.37852,0.028372199999999997,0.23744200000000001,116786260,mixed,0.22285500000000003,283135
youtube2007,16,dense,2,535.374,0.5105069999999999,0.0244058,535.374,201113564928,mixed,533.118,303379235
youtube2007,16,dense,6,24.5664,1.11385,0.0743663,24.5658,7856936640,mixed,14.4964,18870187
youtube2007,16,dense,8,71.1305,1.68685,0.36699699999999996,71.1287,793405166,mixed,61.1375,78364506
youtube2007,16,dense,15,0.647291,1.5051299999999999,0.255884,0.645432,183120,mixed,0.308638,1119602
youtube2007,16,dense,16,0.0166982,1.4171799999999999,0.013314500000000002,0.0162588,310560,mixed,0.012068299999999999,12835
youtube2007,16,dense,20,0.00113949,1.35818,0.00398335,0.000950751,960,4 3 7 9 11 12 6 10 13 15 5 8 14 0 1 2 ,0.000950751,280
youtube2007,16,dense,30,0.022195,0.611544,0.0174636,0.021556400000000003,91728,mixed,0.0205755,20915
youtube2007,16,dense,32,0.0449434,1.6262299999999998,0.00487278,0.044776199999999995,20736,3 8 10 9 11 13 2 4 5 7 15 6 12 14 0 1 ,0.044776199999999995,51342
youtube2007,16,dense,34,12.7184,2.92979,0.466552,12.7162,125132004,mixed,7.05161,17663526
youtube2007,16,dense,36,23.9403,1.1971399999999999,0.180747,23.9396,821011650,mixed,14.5472,22187938
youtube2007,16,dense,37,0.08849560000000001,1.9525599999999999,0.048387,0.0868197,907560,mixed,0.0469131,79629
youtube2007,16,dense,40,8.65152,2.16717,0.334273,8.64837,287925698,mixed,5.50589,4528382
youtube2007,16,dense,41,0.0055753,1.95507,0.0155583,0.00540878,99456,mixed,0.00364939,4338
youtube2007,16,dense,43,0.00341805,0.917999,0.00452861,0.0031799,111600,7 1 3 13 0 5 10 12 2 4 9 6 8 11 14 15 ,0.0031799,3395
youtube2007,16,dense,46,0.043274400000000005,1.62229,0.011798000000000001,0.0429847,18173520,mixed,0.0405279,28835
youtube2007,16,dense,48,0.00213535,1.0710899999999999,0.00348106,0.00192536,378,5 10 3 6 7 8 1 9 13 2 4 12 11 14 15 0 ,0.00192536,1283
youtube2007,16,dense,53,0.00591117,1.31768,0.0086491,0.00537265,1920,mixed,0.00341829,3059
youtube2007,16,dense,55,74.1279,3.9185300000000005,2.39155,74.1196,85356084,mixed,28.2355,77429470
youtube2007,16,dense,63,30.8938,1.9843,1.08223,30.891,147001142,mixed,22.947,41125933
youtube2007,16,dense,68,0.00122594,1.0438100000000001,0.00412119,0.00107922,2898,9 2 4 3 6 5 7 13 8 1 11 10 14 15 0 12 ,0.00107922,287
youtube2007,16,dense,71,0.0129505,1.92305,0.029681799999999998,0.012354299999999999,1296,mixed,0.00445753,5430
youtube2007,16,dense,75,3.2642599999999997,0.832476,0.010277799999999998,3.26398,6220800,2 3 6 8 9 5 7 10 1 13 11 12 4 0 15 14 ,3.26398,4860672
youtube2007,16,dense,77,397.236,2.88321,1.53617,397.23199999999997,41226132556,mixed,156.863,356192148
youtube2007,16,dense,79,0.00116994,1.33112,0.00341212,0.000977555,88,12 3 6 4 0 2 11 9 5 1 8 10 7 14 15 13 ,0.000977555,91
youtube2007,16,dense,83,0.599442,1.3559999999999999,0.0135404,0.5981569999999999,58742415,mixed,0.43115299999999995,395388
youtube2007,16,dense,87,121.46600000000001,1.15248,0.352199,121.462,26152496824,mixed,121.295,42973183
youtube2007,16,sparse,4,0.13581500000000002,1.34084,0.101815,0.135338,657980,mixed,0.12228900000000001,132645
youtube2007,16,sparse,5,11.1006,2.9194400000000003,0.156368,11.095999999999998,2727018232,mixed,10.7755,4996067
youtube2007,16,sparse,8,0.18168800000000002,2.07259,0.0788837,0.180598,850584116,mixed,0.10694300000000001,171692
youtube2007,16,sparse,9,0.00795382,1.81922,0.00721159,0.00767325,311256,mixed,0.00547475,3785
youtube2007,16,sparse,10,225.572,1.97855,0.0633625,225.571,21737079360,mixed,217.863,27217112
youtube2007,16,sparse,15,3.69789,0.605028,0.0820982,3.69668,44297152606,mixed,3.69401,611036
youtube2007,16,sparse,23,0.010475,1.9503599999999999,0.0383974,0.0101457,9272,mixed,0.00267002,2584
youtube2007,16,sparse,27,0.7807350000000001,1.5985200000000002,0.149098,0.780015,11816198,mixed,0.605073,612653
youtube2007,16,sparse,33,0.09184760000000002,1.4538799999999998,0.066291,0.0913178,2993880,mixed,0.0633344,89327
youtube2007,16,sparse,35,15.3452,1.84725,0.16445099999999999,15.342,95324783888365368,mixed,15.3076,8023220
youtube2007,16,sparse,37,384.985,5.20782,1.9214200000000001,384.973,1875886074012,mixed,261.53,168801397
youtube2007,16,sparse,39,0.00159394,1.83218,0.00494603,0.000916113,2682720,6 1 5 13 14 11 8 3 10 12 9 15 2 7 4 0 ,0.000916113,111
youtube2007,16,sparse,41,2.11876,1.39615,0.231531,2.11769,12043334352,mixed,1.91133,1509444
youtube2007,16,sparse,43,12.1248,1.557,0.507037,12.1227,770387300,mixed,8.17371,14952007
youtube2007,16,sparse,44,0.020114700000000003,1.43124,0.0191366,0.019934900000000002,1373714,mixed,0.016503999999999998,17795
youtube2007,16,sparse,45,0.0830703,1.35291,0.00878301,0.0829068,1083768,mixed,0.0732965,77896
youtube2007,16,sparse,48,6.58483,1.8165099999999998,0.656936,6.582319999999999,55024356,mixed,3.54565,7770502
youtube2007,16,sparse,51,5.94029,0.68685,0.0426093,5.9399,33065040,mixed,5.93355,2863067
youtube2007,16,sparse,53,570.8380000000001,3.74649,5.991569999999999,570.815,179644401100356,mixed,323.3,347442217
youtube2007,16,sparse,54,9.7473,2.01036,0.00722926,9.74691,10827326400,mixed,9.74363,16996
youtube2007,16,sparse,69,0.049889800000000005,1.33028,0.060797800000000006,0.0490885,432000,mixed,0.035511400000000005,28523
youtube2007,16,sparse,75,30.0812,1.55203,0.8534120000000001,30.0786,4722236998,mixed,15.0161,16943578
youtube2007,16,sparse,76,0.00369804,0.9290280000000001,0.0136091,0.00348298,3800,4 8 9 6 12 7 11 5 13 14 15 10 3 0 1 2 ,0.00348298,4639
youtube2007,16,sparse,77,529.429,1.22155,0.282093,529.427,2856052254821,mixed,529.32,468037331
youtube2007,16,sparse,79,0.23630900000000002,1.02318,0.0368991,0.23592399999999997,30669696,mixed,0.222836,139274
youtube2007,16,sparse,83,0.22416399999999997,2.3027900000000003,0.154617,0.22259600000000002,34990733636,mixed,0.0915187,203799
youtube2007,16,sparse,96,0.0464271,1.64818,0.181808,0.0453531,208986,mixed,0.024275599999999998,35787
youtube2007,16,sparse,100,0.0020364000000000003,1.09727,0.0036529,0.00188316,6877523136,6 7 9 0 8 12 14 15 10 11 13 4 2 3 5 1 ,0.00188316,516
